video_title,video_id,moods,labeled
‚ô©‚ô´ Dramatic Apocalyptic Music ‚ô™‚ô¨ - The Wasteland (Copyright and Royalty Free),5eAalHA1bAc,CHILL,t
Nostalgy - (No Copyright Music) Sad Cinematic Background Music For Videos & Films - by AShamaluev,zViXwVZpWqY,SAD,t
Under The Radar Copyright Free music for youtube 2017 audio library Copyright free music,ZTgvcaVdw5I,CHILL,t
üî•Best of NCS 2017 Mix ‚ô´ Gaming Music Mix ‚ô´ No Copyright Musicüî• üîπCYRSE-MUSIKüîπ,8ZbrPz_fnXs,CONFIDENT-SASSY,t
"[FREE] Lil Baby x Gunna Type Beat 2018 ""Situations"" | @BearMakeHits | Gunna Instrumental",5vSJTGpG5YM,CHILL,t
Alternative/Punk Music [No Copyright & Royalty Free] Sad Upbeat | DRIFTING,-Xp0wlc95o0,CHILL,t
Audio Library - No Copyright Music / Royalty Free Music / Ï†ÄÏûëÍ∂å ÏóÜÎäî ÏùåÏïÖ / Ï†ÄÏûëÍ∂å Î¨¥Î£å ÏùåÏïÖ,HsUcPXxyfig,HAPPY,t
Catmosphere - Candy-Coloured Sky [Collaboration w/ Audio Library],3gOQDw7ri2w,HAPPY,t
Chill Carrier - 80s (No Copyright Music),3e0sjqsb-qY,CONFIDENT-SASSY,t
„ÄêOff Vocal„ÄëYasuha. - I Lost Your Love feat. Hatsune Miku„Äê„Éã„Ç≥„Ç´„É©„ÄëInstrumentalÂàùÈü≥„Éü„ÇØ - „Ç≠„Éü„ÇíÂ§±„Å£„Å¶,1QejWtVKE8s,CHILL,t
Old School Love Instrumental Produce by TBD. [prototype beat],1wopHaiFqUI,HAPPY,t
Shiva In Exile - Earth Tone (Instrumental),4zrLieLZ_i8,CHILL,t
[Free Royalty] Scott Buckley - Snowfall (Piano Ambient) [No Copyright Music],AV286JRYr1c,SAD,t
Arythma - Current | No Copyright Music,APlQECiPoPw,HAPPY,t
Kabza De small_Umshove (Instrumental) & Black Motion_Joy Joy(Instrumental),9CrslZs_1xA,CONFIDENT-SASSY,t
Instrumental 1er minuto libre (sangre) Wos vs Stuart / Trueno vs Klan / Cacha vs MKS,9akplkxevi0,ANGRY,t
Blues Music  -  Instrumental Blues Guitar,GuOnsNSd-Ic,CHILL,t
"""Reset"" - An Okami Arrangement (Instrumental)",-SzIFcsrFTk,IN-LOVE,t
Logic - Indica Badu ft. Wiz Khalifa [Instrumental],-QQUaWtMW3w,CHILL,t
"""Dios esta aqui"" Musica Instrumental para orar y meditar",pFPUeoU418k,SAD,t
8 Remix - Almighty ft. Varios [INSTRUMENTAL + FLP],kmLvR68_nLg,CONFIDENT-SASSY,t
Chidinma - Gone forever | Karaoke Version ( Instrumental + Lyrics),NNexDl8QF6U,SAD,t
"Higurashi- ""Dear You"" Karaoke/Instrumental (Off Vocal)",LJQlwOE2haM,SAD,t
Adam Levine - Lost Stars (Guitar Acoustic Instrumental & Karaoke Lyric),yj8fQMY9nhM,SAD,t
Asking Alexandria - Moving On Instrumental (Studio Quality),ygdQigI-EBk,ANGRY,t
Instrumental 1er minuto libre (sangre) Dani vs Cacha,sulfBMv28EU,CONFIDENT-SASSY,t
I Am Willing Lord Instrumental with Lyrics,rSIA9hTv4OA,CHILL,t
"[FREE DL] Dave East Type Beat ""Momma Workin"" (Prod By.Sdotfire)",kQKLl6jXipQ,CHILL,t
Conway The Machine - Rex Ryan Ft. Westside Gunn & Roc Marciano Instrumental Extended,jqw0FGiewtw,CHILL,t
Instrumental 1er minuto libre (sangre) Papo vs Stuart / Dtoke vs Klan,jIsnDlPSMrA,CHILL,t
2Face - African Queen | Karaoke Version (instrumental + Lyrics),yt0GLpdzFmk,HAPPY,t
#1 Free Copyright Music [Compilation] Songs You've Heard and Don't Know the Name,xirevEiMa24,HAPPY,t
Nco Qub Hluas Nkauj Instrumental + Lyrics - Pov Thoj,lh5T6kzUJL0,CHILL,t
Jean T√® - Summer (feat. Harley Bird) | No Copyright Music,n9kBbDQr5kM,HAPPY,t
FortyThr33 - Tonight (No Copyright Music),mO2qBRK-xUk,HAPPY,t
Koj Yog Number One Instrumental + Lyrics - Hmong sad love song karaoke,iusk8mX15T4,IN-LOVE,t
DAGames - Left Behind  [Instrumental] [Remake by TheFrodesDiD] - FNAF: Sister Location SONG,fWOMRvGMO3s,ANGRY,t
Dilated Peoples  - Basics (Instrumental),eVTfwFk70wc,CONFIDENT-SASSY,t
Teppen E Dash Full  Instrumental,eRt8RY71hiY,CHILL,t
‚ô´ Instrumental : Yandere Chan VS Monika - [ EPIC PIXEL BATTLE SAISON 3 ],bUMFOIAbH4s,ANGRY,t
Rumba  Instrumental Music,bPgAI-t1ovQ,IN-LOVE,t
Plam Koj Tim Vaj Loog Tsua Instrumental + Lyrics - FBI,ayXuv2PNhNI,SAD,t
Motionless In White - 570 Instrumental (Studio Quality),aNMqaUzUoxo,ANGRY,t
World & San - Shine (Instrumental),a3Rkmz5kR2E,CHILL,t
Ib Sim Neej Instrumental + Lyrics - Hmong sad love song,_ntkv1ovpW8,IN-LOVE,t
Mob Txaus Lawm Instrumental + Lyrics - Tijlaug Xab Thoj & Keeb Thoj - New Sad song 2019,XuUo34pqgYc,IN-LOVE,t
Hluas Nraug Vib Nais Instrumental + Lyrics - Lis Pos,WgYXtbtCTzY,CHILL,t
Akapellah - Milki (Remake - Instrumental),Vt6adjjww9g,CONFIDENT-SASSY,t
ADA - Only you Jesus | Karaoke Version ( Instrumental + Lyrics),dTNp9UtqQFw,HAPPY,t
Deception- YaYa DROPS (FREE Music) [NO COPYRIGHT],Yp8rOgdJn3c,SAD,t
Reggae Music [No Copyright & Royalty Free] Upbeat Chilled | RHASTAFARIAN,VY3RRCDUVgA,HAPPY,t
hindi no copyright music 2018 (1),TcPghi8kCzg,CHILL,t
Wood Spider - Hot October [No Copyright + Royalty Free Music],WctZ4ycaaug,CHILL,t
Migos - I Can ((INSTRUMENTAL)),E6dqEdx3Org,CONFIDENT-SASSY,t
"Famous Dex, Lil Pump, Smokepurpp - Two Guns ((INSTRUMENTAL))",E5SWz3suC2o,CHILL,t
No copyright music,CUcJNFH8Q0A,CONFIDENT-SASSY,t
Deuce - Nightmare Instrumental (Studio Quality),FWOjSjqBUuk,ANGRY,t
Infraction - Epic /Background Music (Royalty Free Music) (No Copyright music),G6j86Em1bYY,HAPPY,
Fashion Club No copyright sounds  [NCS spectre ] .,8wkM2eZ6KKM,HAPPY,
Zend Music | NAIMA - Let Me See You [NCS Release] | Free Music | No Copyright Music,X63vMgL702s,HAPPY,
Disfigure - Hollah! FREE DUBSTEP Creative Commons Music To Monetize || NCS ‚úî,ZzsWXK-MKME,HAPPY,
Damon Empero --- Changes (No Copyright Music),H2qHeZ-aScQ,HAPPY,
"Future ""Temptation"" Instrumental Prod. by Dices *FREE DL*",XeMkZ5SkLHs,HAPPY,
"[FREE TYPE BEAT] *Must Hear* Sad Drake x Logic Type Beat ""Haiku"" | Chill Trap Instrumental",14Cgt0oQ8aY,HAPPY,
Hollwood Undead - Bloody Nose Instrumental (Studio Quality),Hx-bxWLp7ok,ANGRY,t
Asking Alexandria - A Candlelit Dinner With Inamorta Instrumental (Studio Quality),N24Rp6Qzuog,ANGRY,t
Falling like the Stars (FEMALE PIANO INSTRUMENTAL KARAOKE) James Arthur,KjbP90vNfWE,HAPPY,t
Daphne - Jusqu'√† La Gare | Version Karaoke ( Instrumental + Lyrics),KUb4BgpqnDw,HAPPY,t
Instrumental Blues Rock,dNKDRoYaHeU,CHILL,t
IllFiggy - Moon Trip (instrumental),NeoCvEuDa8s,CHILL,t
Motionless In White - Break The Cycle Instrumental (Studio Quality),EBibYcMklLQ,ANGRY,t
Bad Meets Evil - All I Think About Instrumental (Better Quality Remake!),L0aG7qRmZd8,CONFIDENT-SASSY,t
"""Regret"" - 90s OLD SCHOOL BOOM BAP BEAT HIP HOP INSTRUMENTAL - NodaMixBeats‚Ñ¢",YxYF_N-xvk8,SAD,t
Boogie Down Productions - My Philosophy Instrumental,ga7keSKvC20,CHILL,t
Positive Music - New Life [Copyright Free],L0E_vGv8tIE,CHILL,t
[FREE] Sad Piano Hip-Hop Beat/Instrumental - Shadows - 2019 - Copyright Free - NodaMixBeats‚Ñ¢,SvtA1ZL-FxM,SAD,t
Blues Music - Jam Packed -  Instrumental,LCtla1Ghegc,CHILL,t
JJBA: Golden Wind - Fighting Gold (Instrumental Cover),ysl_BmGzcDI,CONFIDENT-SASSY,t
"Kevin Gates ""Intro Edition"" Instrumental Prod. by Dices *FREE DL*",gnxnQZaVkGM,CONFIDENT-SASSY,t
Kendrick Lamar - Blood. (RoadsArt Instrumental Remix),x1frIzjJv5E,CHILL,t
Wildlight - Lily Moon(Instrumental Mix),s0BzOnvirwU,CHILL,t
''Menace'' - Dope Trap Beat | Free Hard Hip Hop Rap Instrumental 2019,raihkbCDBw4,CONFIDENT-SASSY,t
Cim Ntsoov Cia Instrumental + Lyrics,qL034NgzGxY,SAD,t
Dark Hip Hop Free Instrumental {Rap Beat} 2014 (prod. by Nupel Beats),nISU9BUm9E0,ANGRY,t
"DJ Crazy Toones, WC, Maylay,Xzibit,MC Ren , Roll on Em (Instrumental)",myEZ7ujsf9w,CONFIDENT-SASSY,t
Gostes - Alone,zhi-8AX-ccY,SAD,t
Attila - Subhuman Instrumental (Studio Quality),wjqmt8Gp8NY,ANGRY,t
TFM - House Music No 11 [Best Royalty Free Music] 2019,wM3TBw82W_Y,HAPPY,t
J. Cole - BRACKETS (Instrumental Remake),stTd98I8F4Y,CHILL,t
"Kendrick Lamar & Pharrell ""The Mantra"" Instrumental Prod. by Dices *FREE DL*",rA2eMqLk89Q,CHILL,t
Nco Qub Hluas Nraug Instrumental + Lyrics - Girl version,iPqaRRdb7eQ,CHILL,t
"THE CREATOR LIED TO US (Fansong Instrumental) - Noah McKnight, Swiblet, & MizzNeon",hXe0Elz7WV8,CONFIDENT-SASSY,t
NEFFEX - Never Give Up ‚òùÔ∏è [Copyright Free],_70Q-Xj3rEo,CONFIDENT-SASSY,t
Logic - Indica Badu ft. Wiz Khalifa [Instrumental],ZgO2pN2xmVU,CONFIDENT-SASSY,t
NEFFEX - Careless üíî [Copyright Free],Z6L4u2i97Rw,ANGRY,t
[Deemo 2.0] Fluquor [Instrumental] [Full HD],YE11lAgCaAU,SAD,t
‚ô©‚ô´ Epic and Dramatic Music ‚ô™‚ô¨ - Flight Hymn (Copyright and Royalty Free),XCr0bsng60Y,SAD,t
Freeman and K Rhyme Le Roi   Le Dernier Coup Instrumental,Ws5Txm6b78c,CONFIDENT-SASSY,t
Lost Ashes - Scattered (No Copyright Music),iEyS09E-E8w,CHILL,t
Tsu Surf    Killing Me Instrumental,dWNjRcJiUJQ,CHILL,t
"Young Thug ""On The Run"" Instrumental Prod. by Dices *FREE DL*",b4T5TuaUab8,CONFIDENT-SASSY,t
Medicine by Daughter | Instrumental,WJjxHNnebtM,SAD,t
One Day (When we all get to heaven) Matt Redman | Instrumental  | Cover by Sefanjo,RhogNmrjKrY,SAD,t
I Don't Care (PIANO INSTRUMENTAL KARAOKE) Ed Sheeran & Justin Bieber,QfUKaD7B2yk,SAD,t
No Copyright Music ‚ô´ Keep Walking  - Rodrigo Vicente ‚ô´ Free Music Army,F5HA2nN6Pwc,HAPPY,t
ATLYSS - Lucid | No Copyright Music,3a71EwVv5Tk,CONFIDENT-SASSY,t
Flipmode Squad Meets The Conglomerate INSTRUMENTAL,3_4RBNNSVQ8,CHILL,t
Faux Tales - Atlas (Abandoned Remix) | No Copyright Music,2XsCWdyJ94s,IN-LOVE,t
"[SOLD]"" Graffiti "" - 90s Old School Storytelling Hip Hop Instrumental Rap Beat | AntiK Beats",2raUmsKIG6U,CHILL,t
JPB - Defeat The Night (Copyright Free Music) Vocals! TRAP!!?,2kPF0TbjdzY,ANGRY,t
Run by Daughter | Instrumental,2k3nY2N2M3g,HAPPY,t
Michael Jackson Heartbreak Hotel BWT Live Instrumental,2K2Y_58H6ck,CONFIDENT-SASSY,t
"Trippie Redd ""BILAP"" Instrumental Prod. by Dices *FREE DL*",28vPJrMDYmc,CONFIDENT-SASSY,t
Movie Soundtrack Music - No 12 _  Violin  - The Impossible [Free Download],B2-YpuhY9Kg,CONFIDENT-SASSY,t
"Rae Sremmurd ""Buckets"" Instrumental Prod. by Dices *FREE DL*",8g9TgP0uLFI,ANGRY,t
Twb Yuav Sib Tso Instrumental + Lyrics - Yeng Moua,89UyQ0X6V6k,IN-LOVE,t
[Electro Swing] Odd Chap - Jams (2017 re-edit) [No Copyright Music],AiTZL1DZJSs,CONFIDENT-SASSY,t
Barren Gates & M.I.M.E - Enslaved | No Copyright Music,8636XCfhkVM,ANGRY,t
Cjbeards --- Time (No Copyright Music),6MS7c072oZA,CHILL,t
Zend Music | SirensCeol - Nostalgia [NCS Release] | Free Music | No Copyright Music,xmTcvWS1Fp8,HAPPY,t
Zend Music | Mendum - Elysium [NCS Release] | Free Music | No Copyright Music,sCfVL8mULEA,IN-LOVE,t
Zend Music | JPB - High [NCS Release] | Free Music | No Copyright Music,sCcGq9g5iA4,HAPPY,t
No Copyright Music ‚ô´ Bloody Pumpkin - SIRPRICE ‚ô´  FREE MUSIC ARMY - Halloween Free Music,g6WptEqggwA,CONFIDENT-SASSY,t
Natural High - Tobu | No Copyright Sounds - Free Music,6gSgeEqdGLU,HAPPY,t
[FREE] Country Blues Hip-Hop Beat/Instrumental - Don't Stress - Copyright Free - NodaMixBeats‚Ñ¢,60UHJq1cBCE,CHILL,t
"Drake ""Jaded"" Instrumental Prod. by Dices *FREE DL*",FWuV5QDm2ZM,CHILL,t
Koj Muaj Kuv Pluag [ Girl Version ] Instrumental + Lyrics,FeKr48-yIBM,SAD,t
Bullet For My Valentine - Don't Need You Instrumental (Studio Quality),ICYskide31c,ANGRY,t
Slipknot - All Out Life Instrumental (Studio Quality),Him_cYuckkI,ANGRY,t
Kaun Tujhe - Instrumental by JT,NuCsDnTkEYU,CHILL,t
"Eminem - Murder, Murder (Unmastered Instrumental)",Bbc7znh6i6g,ANGRY,t
Koj Mus Tau Zoo Neej Instrumental + Lyrics - Zuag Lauj,KbjDy3qNdu8,CHILL,t
Busy Beat - Silent Partner   [Free Music] Audio Library,YdC31KxPRzI,ANGRY,t
"Turn Up, Let's Go - Jazzy Hip Hop Beat Rap Instrumental (Royalty Free - No Copyright Music)",xOXmpTBqb_w,CHILL,t
Naron - Imagination (Inspired By Alan Walker),PyS3fO3zDmA,HAPPY,t
Parappa The Rapper 2 Instrumental: BIG,Jjs9C8Gb0Xw,HAPPY,f
The FifthGuys & Glitchedout - My Lane (ft. Tim Moyo) | No Copyright Music,-JGJRuqrC-U,HAPPY,
Serious Documentary - (No Copyright Music) Cinematic Background Music For Videos - by AShamaluev,PZBx12olpCc,HAPPY,
Young M.A. - Car Confessions Instrumental (Official),Vpy-ivqbffw,HAPPY,
Mendum ft. Eden - Elysium (Miro Remix) | No Copyright Music,dfFcNI7Cm18,IN-LOVE,t
JJD --- The Woods (No Copyright Music),dHgjBDO0kMY,HAPPY,t
Copy right free Nepali music Fulako Thunga,U9nyqlCdyts,CHILL,t
[No copyright Music] Muciojad - Aerial Ace,Y_J_1FU-36o,CHILL,t
Electro-Light - Symbolism pt.II | No Copyright Music,KzKPJxTKl8M,CHILL,t
Dirty Palm  Oblivion feat  Micah Martin (Arakel Fun No Copyright  Music),lHx631bnl0c,CONFIDENT-SASSY,t
No Copyright Sounds - Waiting - free background music for video production,wL09yAT1jgg,CHILL,t
"Jeremy Blake - Turn Up, Let's Go (Charmx's New Intro 2018 & Marcelo Adnet)",tWxdzvkl6yY,CHILL,t
Epic Orchestral Cinematic Music - Awaken [Copyright Free],rUM0pC8lFE8,SAD,t
Steam Phunk - Feelings (No Copyright Music),qHvOC-p48xM,IN-LOVE,t
No Copyright video background and music background for free download,q4glVByn5As,SAD,t
Kontinuum - Lost (feat. Savoi) [JJD Remix] | NCS Release nocopyrightsounds Youtube Audio Library,pqGttmk6s7o,IN-LOVE,t
Clouds Copyright Free music for youtube audio library Copyright free music,mFqPJfKZrHI,CHILL,t
Rameses B - Game Of Thrones [No copyright Music],r8kaw469k70,CONFIDENT-SASSY,t
Broken Elegance --- Snow Bury Us (No Copyright Music),o9fmj5nKwvQ,SAD,t
"TSUBASA CHRONICLE ¬∑ ""A Song Of Storm & Fire"" [INSTRUMENTAL]",j2YzICisNyY,IN-LOVE,t
Sayonee  | Junoon Karaoke with Lyrics | No Copyright Royalty Free Music,efUwUtOixM8,CONFIDENT-SASSY,t
Drop It Copyright Free music for youtube audio library Copyright free music,_iMw8EOfkD8,HAPPY,t
Tobu & Jim Yosef - Miracle | No Copyright Music,YM2k7HE0Tyc,CONFIDENT-SASSY,t
Stryv - Strike (No Copyright Music),iBvGq_Gy0Xw,CONFIDENT-SASSY,t
Ua Tus Ntawm Koj Ib Sab Instrumental + Lyrics - Hayengchi Hawj,hS3Le3yFZYU,IN-LOVE,t
Childrens Music [No Copyright & Royalty Free] Peaceful Kids Slow | MELODIE VICTORIA,bW6SGOggddE,HAPPY,t
Harald Revery --- Eventful Sunset (No Copyright Music),a3AulmZjHKs,HAPPY,t
EMINEM - LOSE YOURSELF INSTRUMENTAL [NO COPYRIGHT] + DOWNLOAD LINK,TI3vWnwIckI,ANGRY,t
Kelly Latimore - Ode to Humming [No Copyright + Royalty Free Music],Z5dLvZro6k4,CHILL,t
[Electro Swing] Odd Chap - Midnight Sway [No Copyright Music],XO9MIaCsXVg,CONFIDENT-SASSY,t
[No Copyright Free Music Sounds] My inspiration CHILL,Cx-F6iVSXZE,CHILL,t
INSANE BASS BOOST! | Zhu - Faded (SNBRN & KLATCH REMIX) | No copyright ( Read description ),BncdpoAjj6M,CONFIDENT-SASSY,t
Faded By Alan Walker | NCM NoCopyrightMusic Audio-Library |,RUi-CD4NSGI,HAPPY,t
No copyright music // free music //,F6hb2cv-FPY,ANGRY,t
No copyright music // free music //,IMyqLQmRUyU,CHILL,t
Kevin MacLeod - The Complex with Download Link l Royalty Free Music l YouTube Free Audio Library,LDpoWB3dbqw,CHILL,t
Itro & Tobu - Cloud 9 [NCS Release] mp3 Youtube Audio Library,L86oOSKxDJ8,HAPPY,t
Dj Quads --- Intersection (No Copyright Music),KCUjTU5EkVw,HAPPY,t
No Copyrigt Music ‚ô´ Kalon ‚Äî Extenz ‚ô´ Promoted By Free Music Arny,2_fDqZPRcOE,CHILL,t
[Electro Swing] DJ Rouni & Kross - The Old Men [No Copyright Music],0lKwgyf9peE,HAPPY,t
Audio Library ‚Äì No Copyright Music 2 Good For You - THBD,2DOVdtsgdnQ,HAPPY,t
DJ LAGU SYANTIK (NO COPYRIGHT SONG),28GhSKc1m_k,HAPPY,t
Emotional Sad Music - Sad Guitar [No Copyright Music],8iDStFNWd_o,SAD,t
Adrian van Sin & PHENIX - Body (No Copyright Music),9xNhdZfMvmg,CONFIDENT-SASSY,t
Waiting For - Alex Ich - NCS - No Copyright Song [PUNU PATEL],9gEs9rUlvtA,HAPPY,t
Audio Library - No Copyright Music / Royalty Free Music / Ï†ÄÏûëÍ∂å ÏóÜÎäî ÏùåÏïÖ / Ï†ÄÏûëÍ∂å Î¨¥Î£å ÏùåÏïÖ,805iwE6cdxk,CHILL,t
Audio Library - No Copyright Music / Royalty Free Music / Ï†ÄÏûëÍ∂å ÏóÜÎäî ÏùåÏïÖ / Ï†ÄÏûëÍ∂å Î¨¥Î£å ÏùåÏïÖ,72D-dLUK6GI,CHILL,t
SKANDR Slingshot (Arakel Fun No Copyright  Music),5YMNPvppD-M,HAPPY,t
Barren Gates & M.I.M.E - Enslaved | No Copyright Music,-i70a2rcoeA,CONFIDENT-SASSY,t
Prefekt - Numb Ft. Johnning | No Copyright Music,-Ei5-gy8Wy8,CONFIDENT-SASSY,t
Bass Boosted ~ Arms Dealer from YouTube Audio Library üëåüéºüéµüéß,QlP0ZFvheZQ,CONFIDENT-SASSY,t
Whither Must I Wander Copyright Free music for youtube 2017 audio library Copyright free music,d6RHnY8Sb2o,SAD,t
(No Copyright) Energetic Background Music For YouTube Videos - by ARGsound,KnQYvnL5-AM,ANGRY,t
Kevin MacLeod - Life of Riley l Royalty Free Music l YouTube Free Audio Library,mhGi0M06_cM,HAPPY,t
Kevin MacLeod - Blip Stream l Royalty Free Music l YouTube Free Audio Library,gEoJx-8N-x8,HAPPY,t
Brethren Arise - Chris Zabriskie | YouTube Audio Library,aL_plU3Nbh4,HAPPY,t
Nkauj Hmoob Xieng Khouang Instrumental + Lyrics - Lee Kong Xiong & PajZaub Thoj,gJ-7Pxd8O9k,CHILL,t
(no copyright music) making videos YouTube audio library,OuUtmQ8yPP4,CONFIDENT-SASSY,t
Rival x Cadmium - Seasons (feat. Harley Bird) | No Copyright Music,W7cp10P_XeY,HAPPY,
NEFFEX - Things Are Gonna Get Better | No Copyright Music,aURq2wiESaE,HAPPY,
Jean T√® - Summer (feat. Harley Bird) | No Copyright Music,MIr723-pamU,HAPPY,
TheFatRat - MAYDAY (feat. Laura Brehm) | No Copyright Music,MUcwtIsBaEA,HAPPY,
Rolipso - Delight | No Copyright Music,VPxBnMkzLlU,HAPPY,
Defqwop - Heart Afire (feat. Strix) | No Copyright Music,NdMneokuckA,HAPPY,
Alan Walker - Force [NCS Release] MP3 nocopyrightsounds Youtube Audio Library,Nvl6MrK_hR0,HAPPY,
[No Copyright Music] Del - New Beginning (Dance & EDM Background Music),SQYLT5GHKY8,HAPPY,
INVINCIBLE DEAF KEV  (Arakel Fun No Copyright  Music),R7QzLOClWx4,HAPPY,
Ikson Views (Arakel Fun No Copyright Music),CGR_IGHPDr0,HAPPY,
Can Can by Offenbach | Best copyright free music From audio library,Eq8ktWh0MB0,HAPPY,t
Transcend - Audionautix | YouTube Audio Library,rGBjUEX0KCY,CHILL,t
[No Copyright Free Music Sounds] Donruth VLOG,wfAA6Zq7ce8,CHILL,t
Busy Beat | Best copyright free music From audio library,NdJ2y5honvM,ANGRY,t
Touchpoint - Audionautix | YouTube Audio Library,nhItxe_2IL4,CHILL,t
Alan Walker   Fade NCS Release  mp3 nocopyrightsounds Youtube Audio Library,XplxkZeg838,HAPPY,t
Best Trap Music Remix 2019 (Party 47 )No Copyright-Royalty Free Music-Telifsiz M√ºzikler-Trap Beat,EtUElWLedFM,CONFIDENT-SASSY,t
Cinematic Motivational - (No Copyright) Epic Background Music For Videos - by AShamaluevMusic,NFgSp8AMuVQ,CONFIDENT-SASSY,t
NIKI - I LIKE U (IONIKA INSTRUMENTAL),Q6PYVr6o2pk,IN-LOVE,t
No Copyright Music ‚úì Audio Library ‚úì N0013 Rain and Tears Neutrin - @ltaf4you,T45e-AiXMQs,HAPPY,t
Electro-Light - Symbolism MP3 [NCS Release] Youtube Audio Library,kj50aPJBJ40,HAPPY,t
NCM - Audio library - Music for Videos | Ambient  - Calm,o2P3RY8zOmM,CHILL,t
Cinematic Music [No Copyright & Royalty Free] Anticipation Mystery Content | DARKEST CHILD,b5fBCcEvz1I,CHILL,t
No Copyright Music ‚úì Audio Library ‚úì N0002 Delusio Feat Gina Livia FortyThr33 X Epshteyn - @ltaf4you,_t95OgR5Xyk,HAPPY,t
Royalty Free No Copyright Best Music Library Download The Lounge,xMu7dOzOGV8,CHILL,t
NEFFEX - Rumors | No Copyright Music,xE00FNd_cmY,ANGRY,t
The House Glows (With Almost No Help) - Chris Zabriskie | YouTube Audio Library,teUMY6YeUcY,SAD,t
Midsummer Nights Dream by Mendelssohn Copyright Free music for youtube audio library,p790A7zxtS4,HAPPY,t
Cinematic Documentary - (No Copyright Music) Background Music For Videos & Films - by AShamaluev,n1g2B2YzDDI,CHILL,t
4K (NO COPYRIGHT VIDEO+MUSIC) Copyright Free Music+Video  for YouTube Videos part 2,li5BrhuhgS0,SAD,t
Nimeni Altu' - A≈üa raman INSTRUMENTAL,_UFFw55O7Gw,CHILL,t
[No copyright Music] THBD - Stay Around,hhtiF-iJfYE,CHILL,t
‚ô©‚ô´ Epic Pirate Music ‚ô™‚ô¨ - Pirate Crew (Copyright and Royalty Free),hVBgKCYrI-c,CHILL,t
[No Copyright Free Music Sounds] Alonso CHILL,EGvksTUEfFE,CHILL,t
Free Music Best of No Copyright Sounds 2016   No copyright music   Gaming Mix   Free download ses,TOt_wa7K4Hc,HAPPY,t
Straight - Bensound | Musik Backsound Video | No Copyright Music | Background Video Keren,DExrb2yGY2k,HAPPY,t
The Dark Glow of the Mountains - Chris Zabriskie | YouTube Audio Library,PW4CIyvsMSk,SAD,t
Inova --- Blown Away (No Copyright Music),Ldea9h63Glw,ANGRY,t
[No Copyright Free Music Sounds] Androgyny CHILL,LVKhgUWH-5s,CHILL,t
AudioJungle Free Pack A Best Collection 2018 (No Copyright Music),M0XqFWDLkzs,HAPPY,t
[No Copyright Music] Thunderbolt - Wind,2lM7WtzGIP4,CHILL,t
Remembering her face Copyright Free music for youtube 2017 audio library Copyright free music,06svz1ZnuQg,CHILL,t
[No Copyright Free Music Sounds] Make sure CHILL,0NZbwtsPvS4,CHILL,t
Between the Drops  The Whole Other [] Free To Use Audio Library [],2HNcMvO6YYc,CHILL,t
Katrina Stone - Never Wanna Grow Up (Vlog No Copyright Music),Az3zabiXlu8,HAPPY,t
Good Vibe - ‡§µ‡•Ü‡§Çnk (No Copyright Vlog Music) DOWNLOAD LINK,AYbMginOMwQ,HAPPY,t
Darker Thoughts - Silent Partner Dance & Electronic | Funky [Audio Library] Youtube Audio Library,8NEJyY_u00A,CONFIDENT-SASSY,t
Air Hockey Saloon - Chris Zabriskie   [Free Music] Audio Library,87J07h-_wZA,CHILL,t
No Copyright Music ‚ô´ Night Out - LiQWYD ‚ô´ FREE MUSIC ARMY,6qxNWuk6xDo,CHILL,t
Reggae Music [No Copyright & Royalty Free] Upbeat Chilled Happy Island | EASY JAM,5duYwH-R8lE,CHILL,t
Persian Bump Copyright Free music for youtube audio library Copyright free music,dIGvvTX19NM,HAPPY,t
DJ VAL - Ha Do Di Da [ Free Music ] 2019,fb7VRQDptas,HAPPY,t
Aesthetic Audios/Music (Copyright FREE) // Music I use for my videos,Qo26gjK6OGQ,CHILL,t
Spite ‚Äî ZAYFALL [Car Music],JAPBbg2-Eyo,HAPPY,t
‚ô´ Top 5 Best Music on FREE MUSIC ARMY ‚ô´ No Copyright Music ‚ô´,J7VKsujVHBE,HAPPY,t
Jeremy Blake - Sunspots (Original Song),J78JM4AaFkY,CHILL,t
Íµ≠ÎÇ¥ ÏµúÍ≥†Ïùò Ïú†ÌäúÎ∏å ÏÜåÏÜçÏÇ¨! ÏÉåÎìúÎ∞ïÏä§ Ïõ∞Ïª¥ÌÇ§Ìä∏ Ïñ∏Î∞ïÏã±,wVQcKnvwPV0,HAPPY,t
J. Cole - Can't Cry (Instrumental Remake),gUzCmPojwkM,SAD,t
Heliograph - Chris Zabriskie | YouTube Audio Library,UJZ58Zi3exI,CHILL,t
Emotional Cinematic Music - The Storm (Copyright Free Music),ny1YXqbc9IM,CONFIDENT-SASSY,t
No Copyright Music ‚ô´ Landscape lover - Vendredi ‚ô´ Free Music Army,S4g-roIWyqI,HAPPY,t
Audio Library Music For Morning,BsbD0aoTlng,HAPPY,t
Outside (The Lay for Fall) by Muciojad | Chillstep Downtempo No Copyright Music,URrpZJRQC5k,CHILL,t
AROND - Do Jutra (No Copyright Music),sqSRwKiWfDo,CONFIDENT-SASSY,t
[No Copyright Music] veseria - Ocean Bliss,wpNS-eysBGk,HAPPY,t
No Copyright Background Music for Youtube videos/Videos background Audio,pEK8Okm6bLM,CHILL,t
Last Heroes x TwoWorldsApart - Eclipse (feat. AERYN) | No Copyright Music,gmh2j0beukU,IN-LOVE,t
Diamond Eyes - Everything | No Copyright Music,bXTt2GmOvs0,IN-LOVE,t
Kontinuum - First Rain [NCS Release] nocopyrightsounds Youtube Audio Library,pVauX2RKodQ,HAPPY,t
No copyright music ‚ô´ Evening Train - Pold ‚ô´ Free Music Army,zgCh3KsFM78,CHILL,t
JJD   Adventure [NCS Release] Youtube Audio Library,owNxqkEDtvk,HAPPY,t
Sad Slow Background Music ( Free Download No Copyright ),l89xsFPaJl4,SAD,t
Donkey Kong 64 BONUS & LAST VIDEO SERIES # 1  (Audio Library Free music) [via torchbrowser.com],Mw3JFxTKz2k,CHILL,t
Out of the Skies Under the Earth - Chris Zabriskie | YouTube Audio Library,up354tvRND8,CHILL,t
Copyright Free Romantic Music For Wedding | Emotional Love Song,P0FT10umHgo,HAPPY,
THBD - Good For You (No Copyright Music),Ck0yeoa-XO4,HAPPY,f
Funkorama (Royalty Free Music - No Copyright Beat) Cold Funk,6uJUWyZcNWA,HAPPY,
High [NCS Release] - JPB (No Copyright Music) Wow music library,BywQpcMRWOk,HAPPY,
DayFox - My Friend (No Copyright Music),4YVWbl8YSHQ,HAPPY,
Verse One - Real Game - Instrumental Song for Anime Opening and Background Music (No Copyright),zFVQS1voS88,HAPPY,t
Larsm - Lovers [NCS Release] mp3 Youtube Audio Library,wT9Sm_d2Uxg,IN-LOVE,t
Omri --- Save Me (No Copyright Music),uw4lpiJzVsM,ANGRY,t
Donkey Kong 64 / Audio Library / Micheal Jackson Dirty Diana,ujphO1886KE,CONFIDENT-SASSY,t
Cinematic Music [No Copyright & Royalty Free] Sad Slow | AIR PRELUDE,t_hpZDJNstk,SAD,t
Orange  Audio Library ‚Äì No Copyright Music,pYihgHqJTNs,CHILL,t
Audio Library Music For Courage,jbNHullYCTM,CHILL,t
RETRIVED VIDEO of LETS PLAY Super Mario R P G / Audio Library Free music  Fly Inverted Past a Jenny,onB0sDlIne4,SAD,t
Oxygen Garden - Chris Zabriskie | YouTube Audio Library,oUTfJAjxWAI,CHILL,t
[No Copyright Free Music Sounds] See you (rap) CHILL,oCVTlXFGc7w,CONFIDENT-SASSY,t
DJ ASSASSIN - Frag Out NCS nocopyrightsounds Youtube Audio Library,mUZfF4phqpQ,ANGRY,t
Ride of the Valkyries by Wagner (From YouTube audio library),m2LFvmdsnJE,CONFIDENT-SASSY,t
[No Copyright Free Music] Driving with you CHILL,lI4DqNADUOw,CHILL,t
Eine Kleine Nachtmusik - Mozart   [Free Music] Audio Library,YKV37DDVNjU,HAPPY,t
Quando Rondo - Imperfect Flower Instrumental (Official) (Prod By Lbeats),YDcvOjj0xBg,HAPPY,t
Hozgram --- Away (No Copyright Music),W6OJLT3E2fo,HAPPY,t
Donkey Kong 64 ~ ( Audio Library) I Want to Fall in Love on Snapchat,e2hzwSeeFGc,SAD,t
CGI Snake - Chris Zabriskie | YouTube Audio Library,e12RL8X51KQ,CHILL,t
Donkey Kong 64 /Micheal Jackson Bad / ( Audio Library) Cephelopod - Cephelopod,dpmnlE1TSu8,CONFIDENT-SASSY,t
Cylinder Eight - Chris Zabriskie | YouTube Audio Library,d0GaGG_b8yc,ANGRY,t
Copy of Donkey Kong 64 ~ (Audio Library)  Klockworx,d-7Yd8a0E9w,CHILL,t
Air Hockey Saloon - Chris Zabriskie | YouTube Audio Library,YgFoI_tykWc,CHILL,t
Free Music No Copyright Royalty Free How To Roblox and YouTube tutorial,XhD6rGKFskE,HAPPY,t
Is That You or Are You You - Chris Zabriskie | YouTube Audio Library,U5zOGeeMCYg,CHILL,t
Audio Library Music For Sorrow,DwdqiuFG-j4,HAPPY,t
Cylinder Seven - Chris Zabriskie | YouTube Audio Library,EvnQetHdoUc,ANGRY,t
THE LEGEND OF ZELDA OCARINA OF TIME (PART 1) Audio Library Free music,EaWzzcGYoiM,CHILL,t
Donkey Kong 64 ~ (Audio Library)  Heart of the Beast,EJ__Ewp3_uk,ANGRY,t
"Copy of Donkey Kong 64 ~ ( Audio Library )  Dance, Don't Delay",QBHaiPY2Jb4,HAPPY,t
Emotional Beautiful Music  - Memory (Royalty & Copyright Free Music),LMski6hJZtQ,HAPPY,t
Cold Funk - Funkorama - Kevin MacLeod | YouTube Audio Library,PSqGetSWo6g,CHILL,t
[No Copyright Free Music Sounds] Tell me (rap) CHILL,NMMqaLeaAaE,CHILL,t
GAME MASTER THEME SONG 2018 - No Copyright Music | Gruselige 80s Synthwave Instrumental Musik (Free),sY0r6_ow96U,CONFIDENT-SASSY,t
Chaos Copyright Free music for youtube audio library Copyright free music,xLG1aySUEQ8,CHILL,t
[Free Royalty] Halsey - Control Jay (Aliyev Remix) [No Copyright Music],DYubG1tInw4,HAPPY,t
ARPEJEO - Audio Library ‚Äì M√∫sica sin Copyright - free music,VjE9PM7S9Jw,HAPPY,t
No Copyright Music  | Travel Music Instrumental | Voice Corner,UgqxZWsNrSI,CHILL,t
Salakapakka Sound System - Music for headaches [No Copyright + Royalty Free Music],L5FOYk0klHU,ANGRY,t
Eddy - Lish Grooves  [] Free To Use Audio Library [],2Rd5ASplevY,CHILL,t
Chances Copyright Free music for youtube audio library Copyright free music,0FtjSIcod_Q,CHILL,t
[No Copyright Music] JediProd - Safari,cnUaaz1so_Y,CONFIDENT-SASSY,t
Channel Trailer by Audio Library ‚Äì [Non Copyrighted Music and Sounds],B_PN8Eq6QjE,CHILL,t
Copyright Free Techno Music 2018 ReActive ‚ûñ ReActive  Conveer {music without copyright for youtube},BN4V8zlY05A,CONFIDENT-SASSY,t
SUPER MARIO ALL STARS  INCLUDING  INCLUDING YOU-TUBE'S Audio Library Free music!,B0VeOrWxToI,HAPPY,t
Yelawolf - Over Here (Instrumental)  *BEST VERSION*,9S3czKfppjU,CHILL,t
Hang Ups Want You - Otis McDonald ‚îÇFree Audio Music Library,8fgwtV3lvvE,IN-LOVE,t
"The Big Beat 80s - Kevin MacLeod, Syrinx Starr   [Free Music] Audio Library",5zGriFtTY9g,HAPPY,t
"Donkey Kong 64 ~ ( Audio Library )  Dance, Don't Delay",5w-m0lF1gVw,HAPPY,t
Audio library - Free music part 6 ||Youtube Audio library - Free music,3XQeqT_0HNI,HAPPY,t
Youth by Daughter | Instrumental (w/ Sheet Music),3XAkH0w3QLc,HAPPY,t
NightCrawler By Abhishek Rai | AndaKurry Audio Library | Royalty Free Music,H4DEBCZEgt0,CHILL,t
March on Copyright Free music for youtube audio library Copyright free music,_pYBjZDDLPg,ANGRY,t
Royalty Free Music from Goujon Music (No Copyright Music) Featuring Jason Kuhn,mIsm_8SCpVM,IN-LOVE,t
No Copyright Music: Dark Love By Fennec Beats [Free Download],RsCxfolVoP0,CONFIDENT-SASSY,t
Crushin - Audionautix | Backsound Video Keren | Copyright Free Music,n-ek-HabeMI,CONFIDENT-SASSY,t
Infrared Copyright Free music for youtube audio library Copyright free music,PANR0dhY_DY,CONFIDENT-SASSY,t
The Eden Project - Chasing Ghosts | No Copyright Music,fFFh4I0JXTc,IN-LOVE,t
Car DRifting + DRifting Music (Free No Copyright Music),eqfN28XcXTo,HAPPY,t
"(No Copyright) Background Music for Youtube video, themes 2017",j1vLBWgJFJQ,HAPPY,t
Audio library - Free music (part 1) || Youtube Audio library - Free music,FTt5Tia4chQ,HAPPY,t
ZEST - You [Free Music] Audio Library,T7gyWxaEm1w,ANGRY,t
Donkey Kong 64 Audio Library Free music!  Browse and download free music for your project.,v8k9ycpqfKw,HAPPY,t
Dance With You - SUMMER 2019 - No Copyright Music FREE DOWNLOAD,ur6GZQkRYUg,HAPPY,t
"Asfahan (spiritual music background) no copyright royalty free , Free download",CpvNr7PhyZE,SAD,t
Audio library - Free music part 5 ||Youtube Audio library - Free music,JphQLa2LaPE,HAPPY,f
Crystal - Vibe Tracks   [Free Music] Audio Library,JPEC3t1go04,HAPPY,f
Hans Zimmer - Interstellar Main Theme (Abandoned Remix) | No Copyright Music,zrro0HDOybI,SAD,t
Audio Library - No Copyright Music / Royalty Free Music / Ï†ÄÏûëÍ∂å ÏóÜÎäî ÏùåÏïÖ / Ï†ÄÏûëÍ∂å Î¨¥Î£å ÏùåÏïÖ,uPCScT6-0qQ,CHILL,t
chahun me ana. hindi full song No copyright clam! Use this audio freely on your YouTube video!! 2017,uJwWuINxfxM,HAPPY,t
NCM - Audio library - Music for Videos | Ambient  - Calm,pRWgiDdDf7c,CHILL,t
Hills Copyright Free music for youtube 2017 audio library Copyright free music,fZ-xJvQgx8s,CHILL,t
"Royalty Free Music | No Copyright Dance Pop Instrumental 2019 | Sykler  ""Prayers""",CB8I6zjKjz4,HAPPY,t
"Free music, free audio, audio library, no copy right sound, ncs, ncm, no copy music",zqiBp1c_e6w,CONFIDENT-SASSY,t
"Free music, free audio, audio library, no copy right sound, ncs, ncm, no copy music",Z4edrEoYBs0,CONFIDENT-SASSY,t
Audio Library - No Copyright Music / Royalty Free Music / Ï†ÄÏûëÍ∂å ÏóÜÎäî ÏùåÏïÖ / Ï†ÄÏûëÍ∂å Î¨¥Î£å ÏùåÏïÖ,XPzgiILvmtw,CHILL,t
Ukulele-Acoustic/Folk Free Audio Library(Free non Copyright Music),WU8-eTdSVqQ,HAPPY,t
Beach Disco Copyright Free music for youtube 2017 audio library Copyright free music,wM3u0LzX98E,HAPPY,t
Alan Walker - Fade [NCS Release]  mp3 nocopyrightsounds Youtube Audio Library,vh3KHsHpU1o,CHILL,t
Audio library - Free music part 3 ||Youtube Audio library - Free music,3N0h1mKQGQU,CHILL,t
Orange Copyright Free music for youtube audio library Copyright free music,1ZTnwfU8QL0,CONFIDENT-SASSY,t
The End Is Near Copyright Free music for youtube 2017 audio library Copyright free music,1TQAk-2SQWA,ANGRY,t
Hip Hop & Rap Audio Library  part one  || 15 Tracks || HD VIDEO,CpGJ55IFR3E,CONFIDENT-SASSY,t
METROID GAME-PLAY SOUNDTRACK ON  / YOU-TUBE   Audio Library Free music IS 50% ON!,coJI75vxQvg,HAPPY,t
Flying High - Declan DP [Audio Library Release] | Royalty Free Music,bbLTr38_mEY,HAPPY,t
Rhythm Changes Copyright Free music for youtube 2017 audio library Copyright free music,8zG2R2vVazI,CHILL,t
Pride before the fall Copyright Free music for youtube audio library Copyright free music,8NOQVPFDKNI,ANGRY,t
Bring it up Copyright Free music for youtube 2017 audio library Copyright free music,7r2JY4jUk1o,CHILL,t
Bounce It Copyright Free music for youtube 2017 audio library Copyright free music,6oeLoW2VYgQ,ANGRY,t
Eviction _ Audio Library | Sound Effects Free _ Music Free Download | Song Free,6HuAHW4GTqk,CONFIDENT-SASSY,t
Ghost Walk - Silent Partner ‚îÇ Free Audio Music Library,56rHMx5TMlk,CONFIDENT-SASSY,t
Memories- Free Audio Library(Free non Copyright Music),4F_TZCLSmtk,IN-LOVE,t
Ether Copyright Free music for youtube audio library Copyright free music,3vy3E1RaaqY,SAD,t
A FRESH DAY GIRLS - Our Distance - Mix CC0 - Youtube Audio Library,-J4gXDxqxBA,CONFIDENT-SASSY,t
Erykah Copyright Free music for youtube 2017 audio library Copyright free music,J0-F6Iwyg_Y,CHILL,t
Kumpulan backsound video keren Audionautix | Audio Library | Copyright Free Music,IOtJFQ1LRjw,ANGRY,t
Audio Library | Emotional Soundtrack | No Copyright Music,dgAeu3mMRVs,SAD,t
Zplit - Evening [Collaboration w/ Audio Library],HQw00z7NYDA,HAPPY,t
Broken Reality - Kevin Macleod | YouTube Audio Library,HKKEIO6G37Y,CHILL,t
LITTLE IDEA-Corporate Music-Free Audio Library(Free non Copyright Music),Gsmipx2qN8M,HAPPY,t
Blue Skies - Silent Partner |YouTube Audio Library FREE POP Creative Commons Music To Monetize‚úî,gJYGBdjHZRQ,HAPPY,t
"It Maintains, Eyes Change Copyright Free music for youtube audio library Copyright free music",e7ADjX6rq00,SAD,t
Nightingale - From YouTube Audio Library - Free To Use üéµüíïüéßüåÄüåü,tfLQ2ZPokLg,CONFIDENT-SASSY,t
[Italian Guitar Song] The Green Orbs - Sand Castles (No Copyright Music),PqBJteEhy1Q,HAPPY,t
Chill Wave - Kevin MacLeod ‚îÇ Free Audio Music Library,stKjzwts2Ss,CHILL,t
Stars and stripes forever Copyright Free music for youtube 2017 audio library Copyright free music,S80QQ2Uy9iE,HAPPY,t
Audio library - Free music ||Dark Times,s_7gUkqrIw8,SAD,t
Slip - From YouTube Audio Library üéµüíïüéßüåÄüåü,Q3q8D-ZqV7I,IN-LOVE,t
METROID GAME-PLAY SOUNDTRACK OFF / YOU-TUBE Audio Library Free music IS 100% ON!,Np6H3wXmPOo,HAPPY,t
(Youtube Audio Library ‚Äì No Copyright Music) 1812_Overture,moFHsNzYmhk,CONFIDENT-SASSY,t
[Royalty Free Music] Sappheiros ‚Äî Fading Remake,luuxExEOl8E,CHILL,t
Dreams - Joakim Karud | No Copyright // Free Music #Chill Out Vibes Relax,zGbEAilpmmg,CHILL,t
"Mezyena (ŸÖÿ≤ŸäÿßŸÜÿ© = Beautiful) (Advertising Music,Royalty Free, no copyright music, oriental music)",y85PDFfigBA,CHILL,t
Cinematic Piano and Strings Background Music (No Copyright) [Free Download],xp_199TNzBA,SAD,t
"chaplin funny kids (Advertising Music, No Copyright Music, Royalty Free, kids play , free download)",W4ked_pm8PM,HAPPY,t
Inspiring Story - (No Copyright Music) Cinematic Background Music For Videos & Films - by AShamaluev,V2Y_insWp_o,SAD,t
Corporate Up Royalty Free Music No Copyright Music For Videos,0y0_xxQGAGI,HAPPY,t
Infraction - Ukulele Music /Background Music (Royalty Free Music) (No Copyright music),16padA0P6ZY,HAPPY,t
No Copyright Music  Pop Happy Compilation for Vlogging YouTube Audio Library,LkJwEgFzcg0,HAPPY,f
(Royalty Free Music) Happy Moment - No Copyright Background Music | Free Download,UKgMiWMVrZM,HAPPY,
NIVIRO  I Just Wanna (Arakel Fun No Copyright Music),fNIzgoVjZqI,CONFIDENT-SASSY,t
No copyright music (Horror ambient music)#59 Royalty free,UYkZoUmPFX0,HAPPY,
No Copyright Music ‚ô´ DJ QUADS - GOOD VIBES ‚ô´  FREE MUSIC ARMY,Vp3fhh4FbBo,HAPPY,
"One Step (Advertising Music, No Copyright Music, Royalty Free)",zktQi3Ze7uQ,CONFIDENT-SASSY,t
No copyright sounds Background Music hd [ NCS ],YXfal4_JOuQ,HAPPY,
Infraction - Epic Cinematic Trailer /Background Music (Royalty Free Music) (No Copyright music),K3yIOwZeVjM,HAPPY,
(No Copyright) Inspirational and Cinematic Background Music For Videos - by AShamaluevMusic,VjQOs4P1cCQ,HAPPY,
‚ô©‚ô´ Epic and Dramatic Trailer Music ‚ô™‚ô¨ - Olympus (Copyright and Royalty Free),BnmglWHoVrk,SAD,t
Ambient Melancholic Original Guitar Song Royalty Free [No Copyright Music],80ChbbdtYcU,SAD,t
"Inspiring Music (Royalty Free Music) Uplifting, Motivational, Background (No Copyright Music)",d4IBTdHTvn0,CONFIDENT-SASSY,t
"[Instrumental Trap/Rap] ""Ambition"" - Genji The Real | Vlog Music 2017 | Royalty Free | No Copyright",GMwb4IavGZQ,CONFIDENT-SASSY,t
Piano Ambient - (No Copyright Music) Relaxing Background Music For Videos - by AShamaluev,fyhN02q8SNM,SAD,t
No Copyright / Royalty Free Music - TECHNO DUBSTEP - with Download Link,eYvsxODA7Tg,ANGRY,t
Dinner for Two | Romantic Music(No Copyright Music Audio Library BGM Vlog Download),ETFjMbaQASM,IN-LOVE,t
The Hunter - Audionautix   [Free Music] Audio Library,OcXPfODfB-s,ANGRY,t
The creek Copyright Free music for youtube 2017 audio library Copyright free music,QcGhb826ZW8,CHILL,t
(No Copyright) Happy Background Music For YouTube Videos - SashaGrey,OCJeXmqEmRg,HAPPY,t
Days Are Long Copyright Free music for youtube 2017 audio library Copyright free music,o2kHxOQbHgw,SAD,t
(No Copyright) Uplifting and Motivational Pop Background Music For Videos - by AShamaluevMusic,NHCugSZileo,HAPPY,t
Infraction - Tropical House /Background Music (Royalty Free Music) (No Copyright music),MwGWpCiT6Ew,HAPPY,t
Cinematic Orchestral - (No Copyright Music) Epic Background Music For Videos & Films - by AShamaluev,muNF-6_AI_k,CONFIDENT-SASSY,t
No copyright music // free music //,ypXDONX_EOY,HAPPY,t
[No Copyright Music]  HAPPY TIMES - NCS,XGr0hKXBVKQ,HAPPY,t
"NCS: ""The Wizard"" by Skylink  No Copyright Sound",WSXbKGwFNLw,CONFIDENT-SASSY,t
1 Hour NCS Music | No Copyright Sounds | No Copyright Music 1 Hour | Tricks 4 Ever,by0EvbuGru8,CHILL,t
Colors NCS Release   Tobu  No Copyright Music,bKv8Om1vAJE,HAPPY,t
NO COPYRIGHT: SLOW BACKGROUND n calm music for your video - NCS‚óè Best NCS music ‚óè FREE TO USE,9zD071IKAlk,SAD,t
[No Copyright Music]   -  Free NCS,aBYwRPRbyH4,CHILL,t
Zend Music | Kasger - Kasger [NCS Release] | Free Music | No Copyright Music,1EOPcS2vT3Q,HAPPY,
Zend Music | Itro x Valcos - Starbound [NCS Release] | Free Music | No Copyright Music,3AsFnPa6wf0,HAPPY,
‚ô´ Best of NCS 2018 Mix ‚ô´ Gaming Music Mix ‚ô´ No Copyright Music,0MllcF0nTGs,HAPPY,
No Copyright Music ‚ô´ Longing - Joakim Karud ‚ô´  FREE MUSIC ARMY,P6Kjwxcye-g,HAPPY,
Infraction - Upbeat Breakbeat /Background Music (Royalty Free Music) (No Copyright music),FTUDHLhe5Bw,HAPPY,
"Modern Fashion (Corporate Music, No Copyright Music, Royalty Free)",N3tbJZwH3hg,HAPPY,
Royalty Free Uplifting Corporate Music | The Real Estate (No Copyright Music),aNbQT7cpL4Q,HAPPY,
BROLENGKH High NCS Release   JPB  No Copyright Music HD,6Sxzvn09-z8,HAPPY,
Infraction -Pop Tropical Party Background Music (Royalty Free Music) (No Copyright music),AI6bntCHjEE,HAPPY,
Infraction - Fashion Show Music /Background Music (Royalty Free Music) (No Copyright music),SgoSkJqiOr4,HAPPY,
(No Copyright) Emotional and Cinematic Background Music For Videos & Films - by AShamaluevMusic,7LiTRP0MveM,HAPPY,
Zend Music | Unison - Reality [NCS Release] | Free Music | No Copyright Music,XhQTkKkAnFU,HAPPY,
Infraction- The Event /Background Music (Royalty Free Music) (No Copyright music),SVlVkokzIpA,HAPPY,
Romantic Love l No Copyright Music [NCS Magic],Qc2Oi7LoMeY,HAPPY,
"Suspense Music NCS,No copyright song - free to use - R.NCS | Rohan All 4 u.",0hOYpJ4hyeY,HAPPY,
NO COPYRIGHT MUSIC-Alan Walker - Fade | Free Download/NCS,CPFqth5AjuU,HAPPY,
Trap Music 2018 ‚ö° Best Trap Mix ‚ö° No Copyright Sounds NCS,8Zh4WeyX39Q,HAPPY,
"[Instrumental R&B/Rap] ""Slow Down"" - RealLifeLivin | Vlog Music 2017 | Royalty Free | No Copyright",OQImGvzWsXk,HAPPY,
No copyright sounds Background Music hd  NCS,JgRwukNoPlk,HAPPY,
The Light sound NCS best mixed music no copyright 2019,SK8Cekk7vdQ,HAPPY,
top 10 NCS nocopyright music for YouTube videos,EnNhnrmW_SQ,HAPPY,
Piano Cinematic - (No Copyright) Emotional Background Music For Videos & Films - by AShamaluevMusic,SwxXafychuM,HAPPY,
Zend Music | Subtact - Away [NCS Release] | Free Music | No Copyright Music,AghtWOu9x9c,HAPPY,
Zend Music | Mendum - One Third [NCS Release] | Free Music | No Copyright Music,K-ZNloEGEzU,HAPPY,
Zend Music | Inukshuk - Inukshuk Inukshuk [NCS Release] | Free Music | No Copyright Music,1tOdACW8eRo,HAPPY,
Nexeri - Oceans || Music Free 12/2017 || NCS music,YITi0dFiql4,HAPPY,
High  NCS Release    JPB  No Copyright Music exported,XEiWJnRioSk,HAPPY,
(Royalty Free Music) Life Inspired - No Copyright Background Music | Free Download,vRL3t_lUUZw,HAPPY,t
No copyright music (Background music for tutorials) ncs music  #46,wMomF4s2SfQ,SAD,t
Best of NCS 2018 Mix | Gaming Music | NoCopyright Music,vvTKVEnvtS8,IN-LOVE,t
Infraction - Sport Music /Background Music (Royalty Free Music) (No Copyright music),sma346flCCM,ANGRY,t
Instrumental music Energetic Rock ‚óè no copyright sounds.,ppSkR6yy4V8,CONFIDENT-SASSY,t
Peyruis - Vogue (No Copyright Music),jN4hABPGf_s,HAPPY,t
(No Copyright) Wedding Background Music For YouTube Videos - by AShamaluevMusic,fpQcEiwxzQE,HAPPY,t
[No Copyright Music] Uplifting Motivational Cinematic - Ramol (Original) | Epic Music 2019,eRceiPx7WCA,CONFIDENT-SASSY,t
Best Of No Copyright Sounds NCS 1 Hour Gaming Mix,do8ROubvzFk,IN-LOVE,t
No Copyright / Royalty Free ROCK Music Collection - Youtube Resources cc,dFlBqMrCJt0,ANGRY,t
Steam Phunk Alive No Copyright Music production music creative commons,UME3Gy6Ialg,HAPPY,
BEAUZ JVNA Crazy [Nocopyright Music Hits Release] Music Provided Ncs NocopyrigthSounds,3nRyamOr76Y,HAPPY,
Andromedik - Firefly [NCS Release] New EDM/ NoCopyright  üéπ / Gaming music mix,12_QMR6te6k,HAPPY,
NOWEÃà Realize (Arakel Fun No Copyright  Music),CJ3DIfO_mPU,HAPPY,
The Headlines [News Music] Royalty Free News Intro MUSIC 2019,OEI8pR4PFFM,HAPPY,
NOW√ã - Heartbeat (No Copyright),zb_zd5wJGxw,IN-LOVE,t
Sinner's Heist   Streetlight People feat  Harley Bird No Copyright Sound (NCS) Release,9gcI_HNT4tk,SAD,t
No copyright music // free music //,9CJmdeVJSNk,HAPPY,t
Ascence  Rules no copyright YouTube videos background sound and music NCS sound Addict,5MQQSTpvRY4,HAPPY,t
Electronic - No 6 _ Sambrosa - Want Me [Free Download],hM47ghYclvg,IN-LOVE,t
Colors NCS Release   Tobu  No Copyright Music HD,edhhw69oCrk,HAPPY,t
Robin Hustin   On Fire NCS Release Nocopyright sounds,SmfeY-6K030,CONFIDENT-SASSY,t
No copyright music // free music //,S1eg9Ow2EA0,CHILL,t
Alan Walker   Fade  NCS Release( no copyright music),qcEbsm5OuDg,HAPPY,t
(Music No Copyright) | Janji - Heroes Tonight feat. Johnning [NCS Music]  ‚ô´ | Telifsiz M√ºzikler #21,jBC9Nxia1rM,HAPPY,t
No copyright music // free music //,mwGkvcqmhhk,HAPPY,t
DEAF KEV - Invincible [NCS Release] mp3 nocopyrightsounds Youtube Audio Library,2Yo1QZTHt4A,CONFIDENT-SASSY,t
DYRANGE - All Night Long (It's Your Birthday) [Free Download] [No Copyright],2hBDPgNDdc8,CONFIDENT-SASSY,t
Static Love - Choices FREE Pop - WEDDING Creative Commons Music To Monetize || NCS‚úî,m2UyBP2sO1E,HAPPY,t
Eva ‚Äì It Still Hurts (I Just Don't Know Why) [Synthwave] from Royalty Free Planet‚Ñ¢,airCnAWzh9Y,HAPPY,f
AIRGLOW ‚Äì Lisa [Synthwave] from Royalty Free Planet‚Ñ¢,YwZDdwLVB2A,HAPPY,f
Scott Buckley ‚Äì A New Year [Cinematic] from Royalty Free Planet‚Ñ¢,XJAf4_YZILI,HAPPY,f
Monplaisir ‚Äì Lemon Juice [Indie Rock] from Royalty Free Planet‚Ñ¢,O-8u1dSMFxw,HAPPY,f
Jahzzar ‚Äì VHS [Synthwave] from Royalty Free Planet‚Ñ¢,Mo1u9EkGn-8,HAPPY,f
Thankful - Julian Avila (Vlog Music) FREE ChillHop CC Music To Monetize || NCS ‚úî,QBKSm333NeE,HAPPY,
Stevia Sphere ‚Äì Snail‚Äôs Pace [Vaporwave] from Royalty Free Planet‚Ñ¢,IcyLJ8DZtgU,HAPPY,f
e s c p ‚Äì Over the Ocean [Chill Electro] from Royalty Free Planet‚Ñ¢,GPVDpAZ03rc,HAPPY,f
e s c p ‚Äì Back Home [Chill Electro] from Royalty Free Planet‚Ñ¢,2utuh3J9IR0,HAPPY,f
Kubbi ‚Äì Overworld [Chiptune] from Royalty Free Planet‚Ñ¢,1h719Gf2DPE,HAPPY,f
Scott Buckley ‚Äì Cassini [Cinematic] from Royalty Free Planet‚Ñ¢,1DOjnc5aCDE,HAPPY,f
Colors [NCS Release] - Tobu (No Copyright Music) [Creative common],5CEYm7_bkmc,HAPPY,
20 TOP HITS MUSIC NCS NOCOPYRIGHT #NCS,Ngyy_-HOaUs,HAPPY,
No Copyright Sound |  Love Music [NCS Magic] Audio Library,LvfQQflqYRo,HAPPY,
NCS Bast song Music NO COPYRIGHT 2,-MghU44W7u8,HAPPY,
Zend Music | ZEST - You. & Me- [NCS Release] | Free Music | No Copyright Music,4U51qAyTG6o,HAPPY,
Zend Music | Tetrix Bass Feat. Veela - The Light | Free Music | No Copyright Music,51xawuJ8Rls,HAPPY,
"Zend Music | Wontolla, Kasger & Limitless - Miles Away [NCS Releas | Free Music | No Copyright Music",ShpiKMm9iPk,HAPPY,
Zend Music | Distrion & Electro-Light - Rubik [NCS Release] | Free Music | No Copyright Music,Q5MYWA72QnY,HAPPY,
Spektrem - Shine [NCS Release] | No Copyright Music | The Music Of Wind,HiZdJaX1lCU,HAPPY,
‚ô´ Best NCS Gaming Music Mix ‚ô´ No Copyright Sound Mix 2018 | Best Free Music Mix ‚òÖ,NpUhlox1p44,HAPPY,
Zend Music | JPB - Levitate (feat. Joe Erickson) [NCS Release] | Free Music | No Copyright Music,F8l9bkVBmIE,HAPPY,
No Copyright music FreeNo Copyright music Free music download ŸÖŸàÿ≥ŸäŸÇŸâ ÿ®ÿØŸàŸÜ ÿ≠ŸÇŸàŸÇ ÿßŸÑŸÜÿ¥ÿ± -  2017 - 12,RZmRxesZkzY,HAPPY,
Colors - Tobu [NCS Release] FREE House & Electronic Creative Commons Music To Monetize || NCS‚úî,YHuaHvMUwTw,HAPPY,
Music Hd  2017 EDM NCS Dane,LiWj5ZeFSc0,HAPPY,
Acejax feat. Danilyon - By My Side [NCS New No Copyright Music],3FvK-tzH1q8,HAPPY,
[NCS] Defqwop - Say The Word (feat. The Ruins) [MSC SOUNDS] #Eletronic,MmmEU50lGLQ,HAPPY,
NCS music -  Electro-Light - Drakkar [Release],NlKXIAJH4U0,HAPPY,
Unknown Brain - Inspiration (feat. Aviella) [Music NCS],Ojwf55Nrc_w,HAPPY,
[NCS] Egzod - Wake Up (feat. Chris Linton) [MSC SOUNDS] #Trap,G09uSoiQB0E,HAPPY,
Zend Music | Lensko - Sarvagon 2015 [NCS Release] | Free Music | No Copyright Music,sYz4k661k8Q,HAPPY,t
Audio Library ‚Äì No Copyright Music 7 High [NCS Release] - JPB | NoCopyrightSounds,sErKwQfD5h0,HAPPY,t
Zend Music | Ash O'Connor - Vibe [NCS Release] | Free Music | No Copyright Music,s4FKG1D5wZo,CONFIDENT-SASSY,t
[NCS] RetroVision - Over Again (feat.  Micah Martin) [MSC SOUNDS],rzb37z8dC2w,IN-LOVE,t
Zend Music | Tobu - Candyland [NCS Release] | Free Music | No Copyright Music,qLBq9rXCgaw,HAPPY,t
[no copyright vlog music] Pokemon In NYC music download for vlog,iyrFQcgZG-M,HAPPY,t
Zend Music | Matthew Blake feat. Tyler Fiore - Upside Down | Free Music | No Copyright Music,iqCePlxZYHo,CONFIDENT-SASSY,t
"YBN Cordae ""Locationships"" Instrumental Prod. by Dices *FREE DL*",iVYkOP_W1ew,CHILL,t
Forever - non copyrighted music - love song - FREE ROMANTIC - WEDDING CC Music || NCS‚úî,hbDc3WK5qMg,IN-LOVE,t
NIVIRO   Diamond NCS Release No copyright sound,mZe0zjjFnzI,CONFIDENT-SASSY,t
HOME ‚Äì Overflow [Synthwave] from Royalty Free Planet‚Ñ¢,lZdXZI3l--0,CHILL,t
HOME ‚Äì Synchronize [Synthwave] from Royalty Free Planet‚Ñ¢,krPful3ejYc,HAPPY,t
Eva ‚Äì Â§±Êúõ„Åó„Åü [Synthwave] from Royalty Free Planet‚Ñ¢,jVTsD4UPT-k,HAPPY,t
Zend Music | LarsM - Lovers [NCS Release] | Free Music | No Copyright Music,jG1POE_oFy8,IN-LOVE,t
Spectre - Alan Walker [NCS release] no copyright music by Audio Library,hLaSMZZjy0A,HAPPY,t
Stock Music Jim Yosef - Forces (feat. Ivan Jamile & K√©do Rebelle) [NCS Release],fjKoVqTHEjc,IN-LOVE,t
HOME ‚Äì We‚Äôre Finally Landing [Synthwave] from Royalty Free Planet‚Ñ¢,eGigHoRQATs,HAPPY,t
Janji - Heroes Tonight (feat. Johnning) ‚ô´ HD Music Channel ‚ô´ NCS Release,UoeQUm61Dvc,HAPPY,
Top 10 NoCopyRightSounds Best of NCS December 2016 | Wesub Vlog,9Svb9krwf98,HAPPY,
Adventures - A Himitsu | SoundCloud  FREE DANCE ELECTRONIC CC Music To Monetize ||NCS‚úî,zZQouZDAhw0,HAPPY,t
(Happy Background Music) Jonny Easton - The Great Adventure (No Copyright Music),zE_efaceSrs,HAPPY,t
Jordan Schor  Marvin Divine - Want It All (Bass On),w2XlLDlge2c,HAPPY,f
video background music No Copyright (A Free Sounds)10,zrs4LB3WRBs,CONFIDENT-SASSY,t
Three Chain Links ‚Äì Die Historic [Synthwave] from Royalty Free Planet‚Ñ¢,ZyVq4HF8oRw,HAPPY,f
Pierlo ‚Äì Barbarian [Electro Funk] from Royalty Free Planet‚Ñ¢,YnqTGYxGxdQ,HAPPY,f
IvPem - First Love [No copyright music] +Download,XaDsu-KaPbw,HAPPY,f
Chris Baxx & VAG - Bounce [No copyright music] +Download,WbWJisQWcjk,HAPPY,f
Eva ‚Äì The Man From LOX [Synthwave] from Royalty Free Planet‚Ñ¢,UZZolCnDpWs,HAPPY,f
Whitesand ‚Äì Legend of the King [Cinematic] from Royalty Free Planet‚Ñ¢,RusqnDJS0V4,HAPPY,f
Cinematic Motivational - Telifsiz M√ºzik -  No Copyright Epic Background Music For Videos,RpGcUrP6Qzs,HAPPY,f
FUTURE SHOCK - No Copyright Music - Elelectro dance music FREE DOWNLOAD,RNd5JYLL-z0,HAPPY,f
e s c p ‚Äì In Love [Chill Electro] from Royalty Free Planet‚Ñ¢,QeQrF8lnDD8,HAPPY,f
Eva ‚Äì I Blink / She's Gone [Synthwave] from Royalty Free Planet‚Ñ¢,O1mij7072eM,HAPPY,f
Nihilore ‚Äì Sparkwood & 21 [Synthwave] from Royalty Free Planet‚Ñ¢,MoIKphPkt8c,HAPPY,f
Kevin MacLeod - Quirky Dog l Royalty Free Music l YouTube Free Audio Library,LTCuATnxnU4,HAPPY,f
IMMORTAL - EDM - NO COPYRIGHT MUSIC (Free Download),LS8nNso_snw,HAPPY,f
Lamprey ‚Äì Tired [Progressive Rock] from Royalty Free Planet‚Ñ¢,KRhSzwVlkao,HAPPY,f
No Copyright Christmas Music No Copyright Songs (Part 1 ),JXjQO0UixxM,HAPPY,f
Nightstop ‚Äì Harrison Ford [Synthwave] from Royalty Free Planet‚Ñ¢,Iij7U6eE5lo,HAPPY,f
Myuu ‚Äì Bravery [Cinematic] from Royalty Free Planet‚Ñ¢,IHeDkj5OmgA,HAPPY,f
Grim Nights ‚Äì  Genesis Haze [Chiptune] from Royalty Free Planet‚Ñ¢,HsIZAvfkfkU,HAPPY,f
Pipe Choir ‚Äì Through The Storm [Psych Rock] from Royalty Free Planet‚Ñ¢,HHn4PMbcif8,HAPPY,f
Spektrem - Shine [No copyright music] +Download,Erfu1HA8sMY,HAPPY,f
"inspiration (Corporate Music, No Copyright Music, Royalty Free, agency presentation)",Eexrc0tKDx4,HAPPY,f
Monplaisir ‚Äì Be a Good Punk [Indie Rock] from Royalty Free Planet‚Ñ¢,ERA1mD1YKwg,HAPPY,f
Snow Falling Animation | 4K |With Royalty Free Snowy Night Background Music - 1,2d3vBG8VfiM,HAPPY,f
Aye Zindagi - New RElaxing Song | Sonu Nigam | New Nocopyright Songs Hindi - New Song 2019,02Nc2-eF0eE,HAPPY,f
Infraction   Fashion Music Background Music  Royalty Free Music   No Copyright music,BhvhAH0fe8E,HAPPY,
Infraction   Future Bass  Background Music Royalty Free Music No Copyright music1,TE29PU77qNw,HAPPY,
Infraction   Trap Is  Background Music Royalty Free Music No Copyright music1,49em_8H2hvE,HAPPY,
Find My Way Home / Otis McDonald / Length 01:31 / Royalty Free Music / Youtube Free Audio Library,AYEgirqST6w,HAPPY,
(EDM Background Music) LiQWYD - Heartbeat (No Copyright Music),6ddMLOQDxEU,HAPPY,
Infraction   Epic Cinema Music  Background Music Royalty Free Music No Copyright music,3hVp3fk214g,HAPPY,
Infraction   Fashion Music Background Music Royalty Free Music No Copyright music,BrGEjcjQhes,HAPPY,
(Chill Background Music) Mona Wonderlick - New Day (No Copyright Music),Wgzv_fu3Tsg,HAPPY,
Ukulele - Bensound | Musik Backsound Video | No Copyright Music | Background Video Keren,HkBNrnZI6QE,HAPPY,
video background music No Copyright (A Free Sounds)22,QblSOjxVpXc,HAPPY,
Memory_Rain video background music No Copyright (A Free Sounds)20,1YNutoCf8yI,HAPPY,
(Deep House) Kazura - My Way (No Copyright Music),Zj-M38nGGUQ,HAPPY,
[Royalty Free Music] LiQWYD ‚Äî Morning,z9ZwC37BNvg,CONFIDENT-SASSY,t
(House Background Music) Iaan - Without You (No Copyright Music),83Njf-tewP8,HAPPY,
Granite (Royalty Free music),yFezEydXD3s,CHILL,t
Sleep Movies ‚Äì Orange Dream [Indie Rock] from Royalty Free Planet‚Ñ¢,vRP9aLFrZSk,HAPPY,t
Vexento Spark (Arakel Fun No Copyright  Music),u4fxkZkbVRI,HAPPY,t
Fumu Himu ‚Äì Lasers and Phasers [Synthwave] from Royalty Free Planet‚Ñ¢,sby9ApsPFwM,CONFIDENT-SASSY,t
Towards New Horizons by Keys of Moon Music [Non Copyrighted Music & Sounds],rTHxL0VDM4g,CONFIDENT-SASSY,t
[Ukulele] Lux-Inspira - Happy Autumn (No Copyright Music),rRAvFtCnCp0,HAPPY,t
AIRGLOW ‚Äì New Touch [Synthwave] from Royalty Free Planet‚Ñ¢,r_Q15eu03z8,IN-LOVE,t
Decepticons ‚Äì Dreamland [Electro Rock] from Royalty Free Planet‚Ñ¢,o70_E7oq0pE,ANGRY,t
(Chill Background Music) Nekzlo - Family (No Copyright Music),nLmkgGCleO0,CHILL,t
AIRGLOW ‚Äì Electrifying Landscape [Synthwave] from Royalty Free Planet‚Ñ¢,iBaolZZ-ZoI,CHILL,t
No copyright background music for YouTube | music for Vlog,mQcZN2WF6kk,HAPPY,t
No Copyright Music ‚ô´ MBB - BEACH ‚ô´  FREE MUSIC ARMY,lDvSLeR_hL0,HAPPY,t
DRW ‚Äì Programmer [House] from Royalty Free Planet‚Ñ¢,l3vEtwBRGPE,CHILL,t
No copyright sound [ncs] dj music in avee player full bass mix,l201O5HI9yc,HAPPY,t
Butchers - video background music No Copyright (A Free Sounds)3,kuviTahqZ3c,CHILL,t
No Copyright Music - Alive   Creative Commons Music  ¬°Download for your video! Free Music -Few Feed,k_T2c2MskVg,HAPPY,t
Infraction   Fashion Indie Royalty Free Music No Copyright music1,hQVwOyHC-w0,HAPPY,t
video background music No Copyright (A Free Sounds)26,gxRpJpasjSU,CHILL,t
Wave of Death ‚Äì Route of Dream [Synthwave] from Royalty Free Planet‚Ñ¢,emlYHdQEVvU,CHILL,t
[No Copyright Music] Good For You - THBD,cov-DYhuRNc,HAPPY,t
[No Copyright Free Music Sounds] Official trailer,cfQ9oVuTecA,CHILL,t
Broke For Free ‚Äì Nothing Like Captain Crunch [Hip Hop] from Royalty Free Planet‚Ñ¢,cbqRlB4vRww,CHILL,t
[No Copyright Free Music] Big Dreamer CHILL,b4Cr_mMmTD0,CHILL,t
Eva ‚Äì The End [Synthwave] from Royalty Free Planet‚Ñ¢,zmynVSBSLI0,CHILL,t
[No Copyright Music] Holiday Party - Ramol (Original) | Best Instrumental Electronic Music,F2bNE0NAtn4,HAPPY,
(Chill Background Music) LiQWYD - Horizon (No Copyright Music),Z92VMXz3XH4,HAPPY,
Moco   Chimney Tonight Prod by Eli the Profit No Copyright,Ngz4MsV42qA,HAPPY,
Infraction   Sport Beat  Background Music Royalty Free Music No Copyright music1,8J2FbDAk280,HAPPY,
Happy Fun-Royalty free Music -2019,VaIYkWCNAL0,HAPPY,
(Chill Background Music) Scott Buckley - Childhood (No Copyright Music),JrXCly2iT1M,HAPPY,
[Royalty Free Music] Savfk - Music ‚îÅ The Impossible,4Bmjbmf1mnY,HAPPY,
[Royalty Free Music] LAKEY INSPIRED ‚Äî In My Clouds,DIemiwbIhfI,HAPPY,
Wildlife Cinematic Background Music by Jonny Easton (No Copyright Music),DRCpd6ClkbI,HAPPY,
Summer's Tides - Osh√≥va - No Copyright Music [52Hertz Soul],6upVfNuS2Y0,HAPPY,
No Copyright Romantic Wedding Music | Cinematic Piano,J40MatYaSsM,HAPPY,
"Megan Thee Stallion ""Money Good"" Instrumental Prod. by Dices *FREE DL*",MYxLPBiFtYM,HAPPY,
"Chance the Rapper ""Groceries"" ft Tisakorean Instrumental Prod. by Dices *FREE DL*",AUD_Jirw3tg,HAPPY,
"Nicki Minaj ""Good Form"" Instrumental Prod. by Dices *FREE DL*",HY_TAh7Dlcc,HAPPY,
(No Copyright) Corporate Ambient Background Music For Videos & Presentations - by AShamaluevMusic,Xwg1T5sefck,HAPPY,
The BEST Tropical House of 2019 PARTY MIX (No Copyright Music),S4UK2dQwS9U,HAPPY,
No Copyright Cinematic Chill Music | Mother Nature (FREE DOWNLOAD),H7Pw3GCtJ7Q,HAPPY,
Kygo Style Tropical House - No Copyright Music,FYhvjI_3IRw,HAPPY,
(No Copyright) Serious Documentary Background Music For YouTube Videos - by AShamaluevMusic,1x9xVwpWo7k,HAPPY,
(No Copyright) Cinematic Piano Background Music For YouTube Videos - by AShamaluevMusic,6Sq5Y2HzF1c,HAPPY,
No Copyright Electro Gaming Music | Zayfall - Spirituality (FREE DOWNLOAD),-TJSnyBXZ88,HAPPY,
(No Copyright) Inspiring Acoustic Background Music For Videos - by AShamaluevMusic,TmmECEhDalo,HAPPY,
"Harmonica and Guitar, Copyright Free music [L√ñHSTANA DAVID - Grand canyon] [CCFM Music]",OWlHx9gbT14,HAPPY,
(No Copyright) Optimistic & Uplifting Background Music For YouTube Videos - by AShamaluevMusic,6_kEY28avkI,HAPPY,
(No Copyright) Epic Motivational and Cinematic Inspirational Background Music - by AShamaluevMusic,FM57HsyMMnc,HAPPY,
"Megan Thee Stallion ""Realer"" Instrumental Prod. by Dices *FREE DL*",Nuvw5Zb2hfA,HAPPY,
"Offset ""Red Room"" Instrumental Prod. by Dices *FREE DL*",aY0aCzT-g3Y,HAPPY,
"Schoolboy Q ""Floating"" ft. 21 Savage Instrumental Prod. by Dices *FREE DL*",MI7gP5QyhIg,HAPPY,
"J. Cole ""Middle Child"" Instrumental Prod. by Dices *FREE DL* (Kanye Diss)",S82JDZo3TQk,HAPPY,
"Logic ""Wannabe"" Instrumental Prod. by Dices *FREE DL*",W-sBILrOlBk,HAPPY,
"Ariana Grande ""Needy"" Instrumental Prod. by Dices *FREE DL*",TZuef467teM,HAPPY,
[Chill Background Music] LiQWYD - Roads (No Copyright Music),Vbx0kf294ps,HAPPY,
"Young Nudy ""Shotta"" ft. Megan Thee Stallion Instrumental Prod. by Dices *FREE DL*",6lNyBuqNmYU,HAPPY,
"Future ""Rocket Ship"" Instrumental Prod. by Dices *FREE DL*",CUsUgYavQSM,HAPPY,
"Logic ""Homicide"" ft. Eminem Instrumental Prod. by Dices *FREE DL*",QDgpcgo2dtw,HAPPY,
"Russ ""Aint Going Back"" Instrumental Prod. by Dices *FREE DL*",yZqTzMwHn6U,CHILL,t
No copyright background music for videos,vIG03Vk8U6c,HAPPY,t
No Copyright Future Bass Music | Chris Lehman - Flash,wVBqU7FZGqY,HAPPY,t
"Lil Uzi Vert ""Thats A Rack"" Instrumental Prod. by Dices *FREE DL*",ww3dL0-sVc4,CONFIDENT-SASSY,t
"Flavor (EDM Music, No Copyright Music, Royalty Free, Advertising music)",wse-gkkKxmU,HAPPY,t
[No Copyright Music] Technology Corporate - Ramol (Original) | Corporate Background Music,tI1fYxK-aBA,CHILL,t
"Blac Youngsta ""Cut Up"" Instrumental Prod. by Dices *FREE DL*",syPkYmek2pw,CONFIDENT-SASSY,t
"J. Cole ""ATM"" Instrumental Prod. by Dices *FREE DL*",oYNk6wHy3ds,CHILL,t
[Royalty Free Music] Ikson ‚Äî Paradise,sNHZYFlnOSQ,HAPPY,t
(No Copyright) Cinematic Orchestral Background Music For Videos & Films - by AShamaluevMusic,pHsHRSo78yQ,IN-LOVE,t
No Copyright Cinematic Romantic Music | Dream (Free Download),pCfVGF6Lndc,IN-LOVE,t
Free Epic Cinematic Music - No Copyright - Free Download,obkNNxlPUIg,CONFIDENT-SASSY,t
[Chill Background Music] Nekzlo - Alive (No Copyright Music),ryt1Fdw6kHQ,HAPPY,t
"Marshmallow, Tyga & Chris Brown ""Light it Up"" Instrumental Prod. by Dices *FREE DL*",rpuTGZZhlTc,CONFIDENT-SASSY,t
Infraction - Last Summer Party Infraction - Fashion Indie (Royalty Free Music) (No Copyright music),rWlSdXMRfV0,HAPPY,t
"DJ Khaled ""You Stay"" ft. Meek Mill & Jeremih Instrumental Prod. by Dices *FREE DL*",pwKngJirpPI,CONFIDENT-SASSY,t
(Chill Background Music) LiQWYD - L'amour (No Copyright Music),mzplbn80_1g,HAPPY,t
(No Copyright) Emotional Cello and Piano Background Music For Videos & Films - by AShamaluevMusic,mrE7-j7XOSw,SAD,t
Piano Ambient - (No Copyright) Inspirational Background Music For Videos - by AShamaluevMusic,m7bdbGHkHvM,IN-LOVE,t
video background music No Copyright (A Free Sounds)24,l4tHwQZWPXM,CONFIDENT-SASSY,t
"Lil Uzi Vert ""Free Uzi"" Instrumental Prod. by Dices *FREE DL*",hSyc8HxHL_0,HAPPY,t
No Copyright Music (Royalty Free) Progressive House Mix - Perfect for YouTube Videos,hOW6XHvcjG8,HAPPY,t
(No Copyright) Romantic and Cinematic Background Music For YouTube Videos - by AShamaluevMusic,h45gVQ_FjD4,IN-LOVE,t
Music4Driving ‚ùô‚ùò 6ix9ine - BEBE Ft. Anuel AA | No Copyright Music (Remix),eTd7lgd3d4U,HAPPY,t
NCS Music no copyright music download link discretion,dkxuseMdszA,HAPPY,t
Music Competition - [No Copyright Music] Happy and Joyful Children - Free Music,cRLusuRoZTU,HAPPY,t
(FREE DOWNLOAD) Timelapse - Royalty Free / No Copyright Music,cMaPGUwbZ64,HAPPY,t
My Harley Gets A Twist - royalty free rock n roll - no copyright vintage music,br5Uc5cV58g,HAPPY,t
"NO COPYRIGHT LIL PUMP TYPE BEAT, FREE YOUTUBE VIDEO BACKGROUND MUSIC X METRO BOOMIN X RAP TRAP BEAT",DS8-WsKGByA,HAPPY,
Moyan & Aitor Blond - We Take Flight (Abstrax Remix),4hNrUMJxNEE,HAPPY,
"Royalty Free Beats ‚Äî ""Benz"" [Free Download]",7XTcZlllTuc,HAPPY,
Cuphead HD Gameplay  - No Copyright Gameplay (60 FPS),aQzoWEECJzE,HAPPY,
"Hip Hop, Rap & R&B #25 (Instrumental) Copyright/Royalty Free Music | CkircMusic21",Dh11k2MeP48,HAPPY,
[No Copyright Music] Chillhop - Chill Hip-Hop Beat (Copyright Free) Music: Lakey Inspired,TOaYvcPj8sQ,HAPPY,
"Free Untagged Tee Grizzley Type Beat - ""Hot Drip""",114YlKN8Wfk,HAPPY,
Royalty Free Rich The Kid type beat - Royalty Free Rap Beat - Free Rich The Kid type beat,QEM5i6g-X4E,HAPPY,
Free Post Malone Type Beat | Tell | JD97,VZkSQlW8Bik,HAPPY,
"""FREE"" (HARD) Travis Scott x Drake Type Beat - ""Anosmia"" | Instrumental 2019  | Prod. Choppa Beatz",PwVbHXL7sYc,HAPPY,
"2019 ""Flying Unicorn"" - #Smooth Trap Hip Hop #Beat Chill #Instrumental (Prod. A i T C H)",PWRdskXziF0,HAPPY,
‚ô®Ô∏è ROYALTY FREE RAP BEAT #001 | Hip Hop Beat,-UWP11k6QDs,HAPPY,
Royalty Free Jay Cole Type Beat | P.M.,FqVb49eGzeM,HAPPY,
"""Corner"" Best Dark Trap Beat Horror Instrumental Music | fampiyush",J-7PO_HK4O4,HAPPY,
Infraction   Energetic Hip Hop  Background Music Royalty Free Music No Copyright music,GrjepKVkelQ,HAPPY,
Rise of The Empress - Asuka CONCEPT THEME - @GrizzlyFOG,ZZQ1hE8-Wj4,HAPPY,
8ball and MJG Smooth 90s Flow Beat prod. Grabbeats,WykBnq5fZS0,HAPPY,
[FREE] Tee Grizzley Type Beat - Beast,ZMOnMxeSWUo,HAPPY,
T-Mass - Who Am I | No Copyright Music,O21BWoOzgTo,HAPPY,
MNC Music No Copyright MNC,Sp0T4a3fXlc,HAPPY,
Trap Beat Instrumental 2019 | Hard Lit Dope Trap Type Beats | Future bass | Free DL,7LU76CBqqQ0,HAPPY,
xKidgfx - Haylie's Song [Prod by. xKidgfx] FREE Pop Music For Monetize,BXUbQkghrhE,HAPPY,
TRow - Ultraviolet (acoustic version) [Awesome Royalty Free Guitar Music],2v_NHxCck8s,HAPPY,
"Logic Drake Type Beat - ""Change The World"" | Free 2018 | Rap/Trap Instrumental",9qzm6CcRELg,HAPPY,
MineStudio - Moment,-LvPorHy1UQ,HAPPY,
"DJ Khaled ""Wish Wish"" ft. Cardi B & 21 Savage Instrumental Prod. by Dices *FREE DL*",Ht9Qr2AuinU,HAPPY,
Dice - Bando Freestyle #OMH (Music Video) | @MixtapeMadness,1X0q_CKYfqs,HAPPY,
"Migos ""100 Bands"" ft. 21 Savage, YG & Meek Mill Instrumental Prod. by Dices *FREE DL*",Dq03um_z51I,HAPPY,
Bad Bunny X Prince Royce X J Balvin - Sensualidad | No Copyright Music,Ir94gX7Vpg8,HAPPY,
Growtopia Giveaway & Free Pinata,CWx5aMvrKoI,HAPPY,
Loyalty Freak Music - Coexistenz [Royalty Free Music],XjOpxtWUFik,HAPPY,
Night Out - LiQWYD [AL_NCR],R3eU31GgF4U,HAPPY,
SUPREMEKATI - HARD BODY,PDN-u0OZ3_o,HAPPY,
Lil Pump Type Beat - SHARP - (COPYRIGHT FREE MUSIC) - 2018,0XZpj2fMqpc,HAPPY,
"[TYPE BEATS] ""Slightly Faded"" üêª (SMOOTH) Rap Type Beat | Trap Instrumental 2019 | Grizzly Beatz",IWeHq23J90o,HAPPY,
"[TYPE BEATS] ""Ether""üêª Hard (Inspiring) Club Rap Beat | Trap Hip Hop Instrumental 2019|Grizzly Beatz",EqobDE3DYAc,HAPPY,
"[TYPE BEATS] ""Half Baked""üêª (Smooth) Type Beats For Sale | 2019 Hip Hop Instrumental | Grizzly Beatz",Xs_EWcz5rrI,HAPPY,
"[TYPE BEATS] ""Silence""üêª (Smooth) Type Beat For Sale | 2019 Rap Hip Hop | Grizzly Beatz",T-ageDkD6r4,HAPPY,
"[TYPE BEATS] ""Downers""üêª (Hard) Type Beats For Sale | 2019 Royalty Free Hip Hop | Grizzly Beatz",KvsvstQgrow,HAPPY,
"[TYPE BEATS] ""Close To You""üêª (Type Beat) For Sale | 2019 Instrumental Rap Hip Hop | Grizzly Beatz",SxYclM7in6I,HAPPY,
"[FREE TYPE BEAT] Smooth Soulful J  Cole x Mac Miller Type Beat ""Soul"" | Grizzly Beatz",3v7siykg11w,HAPPY,
"[TYPE BEATS] ""Limitless""üêª (SMOOTH) Type Beats For Sale | 2019 Royalty Free Hip Hop | Grizzly Beatz",GYB4eAfneO0,HAPPY,
"[TYPE BEATS] ""No Gravity""üêª Hard (Inspiring) Rap Type Beat | Hip Hop Instrumental 2019|Grizzly Beatz",C4X8FeRktCg,HAPPY,
"[FREE TYPE BEAT] *Must Hear* Smooth J  Cole x Mac Miller Type Beat ""D.O.A"" | Soulful Type Beat",-HhWFknWQ9Q,HAPPY,
New Happy Hip Hop Beat Orchestral Rap Instrumental Free Download Beat,NMkDx_o8Lkg,HAPPY,
Free Beat Hip Hop WP Javanese Crunk _ Creative Commons,UUHSNkS-6vg,HAPPY,
"[FREE TYPE BEAT] Hard Gunna x Lil Baby Type Beat ""Astronaut"" | Trap Instrumental",v4Awbds1s1M,CHILL,t
Abedz - Oizys,wiGYf3vcMH4,CONFIDENT-SASSY,t
"""SYSTEM"" Free Trap Hip Hop Beat (No Copyright)",syRS6wqYyXI,CHILL,t
Grapes ‚Äì I Dunno [Hip Hop] from Royalty Free Planet‚Ñ¢,okUpDYjFu6M,CHILL,t
Normal Rap Beat - (no copyright),s9Pd3t-oX1E,CHILL,t
"[TYPE BEATS] ""NES""üêª (SMOOTH) Rap Type Beats For Sale | 2019 Chill Trap/Hip Hop | Grizzly Beatz",rjGBP3OiJhQ,CHILL,t
"[FREE TYPE BEAT] *Must Hear* Hard Lil Baby x Gunna Type Beat ""Legends"" | Trap Instrumental",rDs_38qJGtg,CHILL,t
‚ô®Ô∏è ROYALTY FREE RAP BEAT #007 | Hip Hop Beat,q44pmFOjYhg,CHILL,t
"""OXIDIZ"" Chill Type Beat | FREE BEAT / INSTRUMENTAL | Trap R&B",p_nQO8vZTPI,CHILL,t
Hip Hop Beats Free  Rap Instrumentals Freestyle  Type Beats Instrumental,k-7l4ftG2TU,CHILL,t
That Kinda Night - K-E-Z,jEI_hWU5_vA,CHILL,t
"(FREE) "" CREEPY "" Hard Trap Beat Intrumental [By NDM Prod]",h0aRxv3aqlA,ANGRY,t
‚ô®Ô∏è ROYALTY FREE RAP BEAT #003 | Hip Hop Beat,gtnl_WHY_P0,CHILL,t
"Hip Hop, Rap & R&B #12 (Instrumental) Copyright/Royalty Free Music | CkircMusic21",gg-O93dKQFU,CHILL,t
"""NOTHING""  Free Trap Bass Hip Hop Beat (No Copyright)",fgZq3CcsPVc,CHILL,t
‚ô®Ô∏è ROYALTY FREE RAP BEAT #005 | Hip Hop Beat,epN0Y6MFksY,CHILL,t
Footprint - Hip Hop Background Music No Copyright [Free Background Music],cOAQicIFTlw,HAPPY,t
Breaking Free (Official Lyric Video),cI0bM8jW4Lk,CONFIDENT-SASSY,t
"Logic ""Confessions of a Dangerous Mind"" Instrumental Prod. by Dices *FREE DL*",bLtA6hDXdZ0,CHILL,t
[FREE] Currensy x Jetlife Type Beat - Sun Rise [Prod. by Scott Sauce],TdQVhKKstSs,HAPPY,
"Yo Gotti x Ace Hood (Type Beat) ""No Negotiations"" ü§ùüö´ | Prod. Flame'Camp",C0u4e4Lu_7I,HAPPY,
‚Ä¢ FREE ‚Ä¢ BABY MAMA | Drake ft. Logic x A$AP Rocky Type Beat  (Prod. Muzz),VjytKbvA4Jc,HAPPY,
"(FREE) Dave East x Drake -""Nightmares""- Mellow Soulful Type Beat 2017",Xxy6UUgOrSo,HAPPY,
Future - I.C.W.N.T INSTRUMENTAL,0iofjdqRNAE,HAPPY,
"[FREE] DRAKE x TRIPPIE REDD TYPE BEAT ""Medicine""",X6JwFeJ41Wc,HAPPY,
[FREE]FUTURE MASK OFF TYPE BEAT|TYPE BEAT 2017|NON-PROFIT|RAP INSTRUMENTAL 2017,6vfIJe5GUGw,HAPPY,
"CHILL TYPE BEAT ""UNWIND"" - GUITAR TYPE BEAT",OrXgg4DkgQY,HAPPY,
"Future Gucci Mane Type Beat 2016 ""Potion "" | Prod. By MichaelsProductions1",DW5vbf-6L_k,HAPPY,
"(FREE) ""Trust"" | Ab-Soul Type Beat | Dark Trip-Hop Instrumental | ThePlanBeats",KKJvjlewlBY,HAPPY,
"[FREE] Rich The Kid Type Beat - ""Ritz Carlton"" ft. Famous Dex | Rap/Trap Instrumental 2018",Wdj6w8UFTp4,HAPPY,
Young N Fly  -  Mojo Jojo,7DJ-Mp-nXLE,HAPPY,
"*Deep* Bryson Tiller Type Beat 2016 ""Raise To The Top "" | Prod. By MichaelsProductions1",LsW3Fs5JZiI,HAPPY,
"*Listen* SchoolBoy Q Type Beat 2017 ""Vices "" | Prod. By MichaelsProductions1",8JU_oT6tC1g,HAPPY,
"[FREE] Kyle x Lil Yachty ft. Kodak Black Type Beat 2018 ""Superduper"" | Skidot",1y7QtkeWoxw,HAPPY,
"[FREE] Travis Scott x Migos Type Beat 2018 - ""Anxiety"" | Free Type Beat | Rap/Trap Instrumental 2018",1Kc8HLxsAjE,HAPPY,
[Free] Seiffa - Flux (Trap beat),62DoFhdU7K4,HAPPY,
"""Choppa"" Future x Yung Bans Type Beat [Prod. M10 x KAMI] SUPERFLY",Xf6vWVVAuTk,HAPPY,
Meek Mill Type Beat -PALOMAFORD- [Prod. By DucerOBeatz] 2017,NxuLiYdt58U,HAPPY,
"""GHOST"" (Prod. B.EaZYbeats) - Beat Sounds Like Big Sean",YTv1cxrmUeI,HAPPY,
Lil Uzi Vert - Dirty Diana [Extended V3 Snippet],8zPGNV5htzA,HAPPY,
Lil Uzi Vert - Neck On Froze [Extended Snippet],S2PEW0bwsSE,HAPPY,
(T) Zippo - hola mam√°,1CdtGJU0yns,HAPPY,
"Future x Meek Mill x Drake x 21 Savage x Young Thug Type Beat 2017 - ""Kanye"" | Young Forever Beats",IhfofQWlgs4,HAPPY,
Egzod - Mirage (feat. Leo The Kind) | No Copyright Music,2JxuWgz9Zoc,HAPPY,
Stahl - Pushed Down (feat. Caroline) | No Copyright Music,BAUoAgQQY_Y,HAPPY,
Cadmium - Melody (feat. Jon Becker) | No Copyright Music,1OYXVQiyCvY,HAPPY,
Prismo - Stronger (Raiko Remix) | No Copyright Music,TRgyinsi7Sw,HAPPY,
Far Out - Apex | No Copyright Music,NROtq7oa_Uw,HAPPY,
Diamond Eyes - Stars | No Copyright Music,ao8PFQaA8lM,HAPPY,
Warriyo & Laura Brehm - Mortals | No Copyright Music,VngYa_MfRvo,HAPPY,
NEFFEX - Torn Apart | No Copyright Music,aX2Xg5ubitI,HAPPY,
Jansku - Space | No Copyright Music,JPlAKvkAxd4,HAPPY,
Arensky & Joan Ember - Weakness (feat. Harley Bird) | No Copyright Music,-cYS6-_SGTw,HAPPY,
Far Out  - Chains (feat. Alina Renae) | No Copyright Music,-J6pkJy6Fys,HAPPY,
Ryan Little - Samurai | No Copyright Music,0d3E_rolbco,HAPPY,
Ryan Little - Samurai | No Copyright Music,NqWBCyvI1_U,HAPPY,
Dread Pitt - Reckless (ft. C) | No Copyright Music,Dzw-QQKNcNo,HAPPY,
SpongeBob - I NEED IT (Goblins from Mars Remix) | No Copyright Music,BFrVEgqXTck,HAPPY,
Ascence - Rules | No Copyright Music,-M9QFH9Vu80,HAPPY,
Biometrix - Navigate | No Copyright Music,9Zyb4YWVXlo,HAPPY,
Summer Was Fun & Laura Brehm - Prism | No Copyright Music,AthDWHqqVIY,HAPPY,
NEFFEX - Lose My Mind | No Copyright Music,3nDNaRYCzl4,HAPPY,
Jansku - Space | No Copyright Music,9jLeVkSoqQU,HAPPY,
Marin Hoxha - Happy Land | No Copyright Music,zuy1KAJLMmQ,HAPPY,t
Far Out - Worlds Apart | No Copyright Music,zJqXYgY6mgM,CHILL,t
FREE Cinematic Background Music For Videos No Copyright Music Free Download ncs,4wRPLoP-IHU,HAPPY,
[No copyright Music] Artificial Music - Transition   With Rain Sample from Kwazi,_d75tM3dDV4,HAPPY,
Cartoon - On & On (feat. Daniel Levi) NCS NO COPYRIGHT MUSIC,TAT6R5aFTRA,HAPPY,
Jim Yosef & Valentina Franco - Chasing Dreams | No Copyright Music,vnvChMOWa1U,CONFIDENT-SASSY,t
"[FREE] Blueface x YG Type Beat 2019 - ""Bag It Up"" | Blueface Instrumental / YG Instrumental",vus4gxF-YB0,CONFIDENT-SASSY,t
Far Out - Strangers | No Copyright Music,pMC-H8TaqGg,IN-LOVE,t
"Future x Offset Type Beat ""Going Strong"" 2017",sFC-ifRv2_g,CONFIDENT-SASSY,t
The FifthGuys & Coffeeshop - She Makes Me (ft. H3R‚àÖ) | No Copyright Music,s7-othbDyaA,IN-LOVE,t
Unlike Pluto - JOLT | No Copyright Music,rrNfr9r2OgA,ANGRY,t
[No copyright Music] Miza shuffle original mix,raSPpym_NvY,CONFIDENT-SASSY,t
Raiko - Revenger | No Copyright Music,qxNKRDQELHE,CONFIDENT-SASSY,t
NEFFEX - Play | No Copyright Music,nd8aggRWzSY,ANGRY,t
Young N Fly -  Champion,mgAnYctmCuA,CHILL,t
Julius Dreisig & Zeus X Crona - Invisible | No Copyright Music,j1WwUXHfGAg,CONFIDENT-SASSY,t
Whales & ggnoaa - Paranoia | No Copyright Music,m0xqu-iP9Ko,SAD,t
"*FREE* Metro Boomin x 21 Savage Type Beat - ""Survive"" | Prod.Kevinwose",khoEKr_j_Ww,CHILL,t
Rival - Traffic Light (ft. ORKID) | No Copyright Music,jl3ZBltBqlg,IN-LOVE,t
NEFFEX - Cold In The Water | No Copyright Music,jV0oS3Z3DQI,SAD,t
JVNA - Catch Me | No Copyright Music,gq0YAhdQ9xo,IN-LOVE,t
"""STATIC"" (Prod. B.EaZYbeats) - Beat Sounds Like Dave East",ggO4-xgRBBs,CHILL,t
Rival - Lately (ft. Conor Byrne) | No Copyright Music,fcwxUYyfMAY,IN-LOVE,t
Far Out - Truest Lies (feat. Karra) | No Copyright Music,f-p7NfEc3RQ,IN-LOVE,t
Rival & Cadmium - Just Breathe (feat. Jon Becker) | No Copyright Music,dFeciP_n1L8,CONFIDENT-SASSY,t
Sub Urban - Cradles | No Copyright Music,d17BzfQu14I,CHILL,t
(Free Download) Rich da Kid X Famous Dex Type Beat,btwF4HoTWGE,CHILL,t
Kodak Black x Don Q x Dave East Type Beat For My Haters (Produced By. MAR MASSACRE),bfeaZxYQ738,CONFIDENT-SASSY,t
Mikey -  Waste My Time,bAMS8D13O4Q,CONFIDENT-SASSY,t
Inukshuk -  We Were Infinite | No Copyright Music,aIMksYoBqS0,HAPPY,
No CopyRight Sounds NCS  Royalty Free Music,-MPiqI0Zi2g,HAPPY,
Drap911 - You got to work Reggae EDM MiX No Copyright Music NCS 2017,SF2KUrVYpcM,HAPPY,
NCS Gaming Mix 1 Hour Best Of No Copyright Sounds,UrDOw36zeVc,HAPPY,
NCS BEST free music without copyright free music no copyright music 69,Tz6iOqssgP0,HAPPY,
Anwar Amr - Stomps claps & Beatbox (Copyright Free Music),23UJCEArhV4,HAPPY,
Upbeat Day - (No Copyright) Uplifting and Happy Pop Background Music For Videos - by AShamaluevMusic,KhGRM_A6rXI,HAPPY,
Stock Music For YouTube Compilation - Best Royalty Free Vlog Music No Copyright - Vol 1,9VPrt7P3nQU,HAPPY,
Zend Music | Syntact - Syntact  [NCS Release] | Free Music | No Copyright Music,TGmzcLK3CoQ,HAPPY,
ABHI NCS MUSIC 2,PzVo5Uc_67A,HAPPY,
"XXXtentacion & Lil Peep ""Falling Down"" Instrumental Prod. by Dices *FREE DL*",6KAXrM1G3WM,HAPPY,
Gravity Sound - No Patience [Royalty Free Music] Trap Instrumental 2018,anYuCQ8Y7Xc,HAPPY,
Bauchamp - 127 tamil dance bass and beat [No Copyright + Royalty Free Music],3Kf9yRw5BfQ,HAPPY,
"Ariana Grande ""Thank You, Next"" Instrumental Prod. by Dices *FREE DL*",HYBP64qVlQI,HAPPY,
Open Mic | Electronic | Trap Music | Music Factory,VEGqr54rJHY,HAPPY,
Cadmium - Ghost (feat. Eli Raain) | No Copyright Music,_JfrZX1ioBk,HAPPY,
Diamond Eyes - Hold On | No Copyright Music,Hy2a8JxbpjE,HAPPY,
NEFFEX - Rumors | No Copyright Music,-h_Yw-VWhLA,HAPPY,
NEFFEX - Pull Me Apart | No Copyright Music,W2y0Lb2gCDE,HAPPY,
NEFFEX - Best Of Me (Barren Gates Remix) | No Copyright Music,WOT0cy75eZw,HAPPY,
NEFFEX - Cold | No Copyright Music,-Klsg3XZ62E,HAPPY,
NEFFEX - Myself | No Copyright Music,FHYAhlOk7Bw,HAPPY,
Real Chance - The Weekend (Trap EDM/Party/House) *2019*,VGpnc3upwe8,HAPPY,
EDM Instrumental,AdoABPDPzbw,HAPPY,
‚û¢ #14 MASHUP - David Guetta Style Beat | Mike Candys Type Instrumental [EDM Electro House Music 2014,VYOOtpMb0WY,HAPPY,
Summer Dance [EDM House Instrumental] (New Free Electro Pop Music Mix July / Juli 2014) Club (1083),42v0zDgUDWM,HAPPY,
Gregorian Chants meets Rap/Trap Instrumentals (Remix) [prod. by Ryz],GlAQ6F8T2f0,HAPPY,
Metro - Electro Upbeat EDM [Royalty Free Music],Xif2-qOS1Lg,HAPPY,
Pop EDM Instrumental - Take My Hand - Justin Bieber/David Guetta Type (Non Exclusive Beat),Ko2VYajuheA,HAPPY,
"EDM ""Endless"" (Prod. MAURIKS)",2c63hC7KAUI,HAPPY,
Free House EDM Track | Royalty Free Music | Background Music for Videos - Instrumental,8SB3rcUaqvk,HAPPY,
Epic EDM Club Dance | Royalty Free Music | Background Music for Videos - Instrumental,D3MOqaCrs4o,HAPPY,
Ethnic Music Background (No Copyright Music),Qkg0pVYDWK0,HAPPY,
Tropical Ukulele | Free Download No Copyright Happy Music,2P6-vbD3ZQk,HAPPY,
#HAUSOUNCITY Running Away [NCS ]   Tobu FT Marcus Mouya  (No Copyright Music),zSV38gPY_H8,CONFIDENT-SASSY,t
2019 New Hip-Hop Beat Loop - (Prod. By Lyrics & EDM Music),zFyOKmzCGQ0,CHILL,t
[Upbeat Background Music] Declan DP - Forward (No Copyright Music),8gs-nqaSu5s,HAPPY,
LiQWYD - Sunshine (No Copyright Music),ZWwW4GfZEg8,HAPPY,
(Tropical House) Scandinavianz - Waves (No Copyright Music),2N1IrnIF330,HAPPY,
[Funky Background Music] 13ounce - Fly (No Copyright Music),UUuc1z0ORRA,HAPPY,
Ikson - Verge (No Copyright Music),apxdWe7DvAY,HAPPY,
(Tropical House) Ikson - Heaven (No Copyright Music),R3uaeHohTOc,HAPPY,
(Chillhop Background Music) Peyruis - Oracle (No Copyright Music),TNI6IyYLPUU,HAPPY,
(Electronic Background Music) Declan DP - With You (No Copyright Music),IHWnlSOdyiw,HAPPY,
Rebellion and Uplift - ORIGINAL EDM INSTRUMENTAL,ujLTDRg-7Ls,CONFIDENT-SASSY,t
"Post Malone ""92 Explorer"" Instrumental Prod. by Dices *FREE DL*",vnOsABM52jI,CHILL,t
Shine - Gone [FREE TRAP MUSIC],yGZQ1chHkZg,IN-LOVE,t
1 hour NCS ||Top 20 best NCS 2018/2019 || [NoCopyrightMusic],xxo1DufxxKg,SAD,t
Ncs Music - Feeling Hot Day ( no copyright music Instrumental ),xSsArsWP7yM,CHILL,t
"(FREE NO Copyright Beat) YouTube Background Music, Trap Rap Type Beat, Freestyle Beat, 21 Savage",tPC_KTUQkmc,CONFIDENT-SASSY,t
Romen Jewels - Look Away | No Copyright Music,slfEgQF-XEA,IN-LOVE,t
NCS HINDI MUSIC üíù. Aa ja na .No Copyrights Sounds.(1),qwOsOwNPwuM,IN-LOVE,t
[Wedding Background Music] Cinefass -  The Wedding (No Copyright Music),sVsi98qvQbg,HAPPY,t
JojoInsaneBeats - INSANO Beat / Instrumental #edm #martingarrix,pNk80ga7axY,HAPPY,t
Marin Hoxha - Never Be | No Copyright Music,s9TD6zd7LD0,IN-LOVE,t
Unlike Pluto - JOLT | No Copyright Music,oMGId0iC3bg,ANGRY,t
Thastor - Beach Euforia FREE Tropical HOUSE Creative Commons Music To Monetize || NCS ‚úî,q4BJwsRRz5c,HAPPY,t
Free Electronic Trap RnB HipHop Beat EDM Instrumental 135bpm *FREE DOWNLOAD*,o4UnFVgAB4w,HAPPY,t
"EDM ""Illusion"" (Prod. MAURIKS)",n0dYuThtaq0,CHILL,t
[Happy Background Music] Rodrigo Vicente - Kids World (No Copyright Music),mo441VfK878,HAPPY,t
[Good Vibes Background Music] Declan DP - Adventure (No Copyright Music),lqEZpqAZ48U,HAPPY,t
Cadmium x Timmy Commerford - Should Be Me | No Copyright Music,lmL6eW5xJjg,IN-LOVE,t
Dizaro - Pirate (No Copyright Music),lb4Yy1_OR10,HAPPY,t
"""Rich"" -  2018 Beat instrumental || EDM (Prod. Harry D)",lPMSjVoUo5I,CONFIDENT-SASSY,t
Unknown Brain - Fired Up (feat. Taheran) | No Copyright Music,kwuRMnB6u8c,CONFIDENT-SASSY,t
"EDM ""Journey Of A Lifetime"" (Prod. MAURIKS)",k_T1_e4LDE4,IN-LOVE,t
MAKING BEAT FL STUDIO 12 TRAP BEST MUSIC  2019 nocopyright,kU1rr2IB4Yc,CHILL,t
Robin Hustin - On Fire | No Copyright Music,fOCtaYIMzbk,HAPPY,t
Techno,ddftpnwURbs,CONFIDENT-SASSY,t
[No Copyright Music]   Reggae  Happy  -  Free NCS,cod2uaMkfi4,HAPPY,t
Cartoon - On On Best of NCS Music Mix 2017 |‚ô´ Gaming Music‚ô´ | Hot Girl,byYpsTFTRyY,IN-LOVE,t
Traditional Chinese Folk Music (No Copyright Music),VEBw9knKxAo,HAPPY,
(Tropical House) MBB - Clouds (No Copyright Music),FbTb47k9Wl8,HAPPY,
[Disco/House Background Music] Peyruis - Addict (No Copyright Music),Q-Be24b-_Q4,HAPPY,
(Pop Background Music) DIZARO - Back Home (No Copyright Music),HxBYtY_-m_0,HAPPY,
(Pop Background Music) BraveLion - Cause You (No Copyright Music),8RiS8OmGsnM,HAPPY,
(Happy Background Music) AShamaluev - Upbeat Day (No Copyright Music),DVpLghnTkZs,HAPPY,
(Tropical House Background Music) Iaan - Heaven (No Copyright Music),DXLU0IgbrK4,HAPPY,
KSMK - You (No Copyright Music),3bUWwO-14pY,HAPPY,
[Dance & EDM Background Music] Ikson - Crash (No Copyright Music),1gADWraRShM,HAPPY,
Ukulele Background Music - Holiday Season (No Copyright Music),SaVK-mgqYJk,HAPPY,
(Deep House) SKANDR - Road Trip (No Copyright Music),WfnsDLks00E,HAPPY,
(House Background Music) LiQWYD - Glow (No Copyright Music),RpYk1OmFjto,HAPPY,
Ikson - Shadows (No Copyright Music),R9bvQk_2NdY,HAPPY,
[Happy Background Music] FASSounds - Alive & Happy (No Copyright Music),QATfy5sdoqI,HAPPY,
Extan - Meteor (No Copyright Music),PPiFUgGrrNw,HAPPY,
Ikson - Voyage (No Copyright Music),FA5N5Dk2Sr0,HAPPY,
Bensound - Summer (No Copyright Music),ArO9RKT7_h4,HAPPY,
(Dance & Electronic) Scandinavianz - Atlantis (No Copyright Music),EJRGE_Yhvr0,HAPPY,
Anthem  - EDM ‚Ä¢ Hip Hop ‚Ä¢ Trap ‚Ä¢ Royalty Free ‚Ä¢ No Copyright,6MK92MwtuPM,HAPPY,
I'm Back!! BEST BASS DROPS 2019 | No Copyright Music,55Sb8HD4cww,HAPPY,
"[Instrumental Trap] ""Madness"" - Legendary | Vlog/Gaming Music 2017 | Royalty Free | No Copyright",JGvadcmhnCs,HAPPY,
Techno Music -Copyright Free Music,4Qerh09-ybQ,HAPPY,
"BEST MUSIC MIX 2019 | ‚ô´ 1H Gaming Music ‚ô´ | Dubstep, EDM, Trap House | [No Copyright Sounds NCS]",QnSEHWpj4Hs,HAPPY,
"BEST MUSIC MIX 2019 | ‚ö° TO PLAY PUBG Battlegrounds ‚ö°| Dubstep, EDM, Trap | No Copyright Sounds NCS ‚ö°",3MV9Qzck_WA,HAPPY,
No Copyright EDM Music For YouTube - Fuad Assani - The Trap,UTo5Hc-XIO4,HAPPY,
Raal Divinity [No Copyright Music],S4RkvxAF_1A,HAPPY,
SDMS - Revenge | EDM MUSIC [NO COPYRIGHT MUSIC],0W4QuQ6DZI8,HAPPY,
Nekzlo Thinking About You (Arakel Fun No Copyright  Music),Nfkm1qTuBno,HAPPY,
FelixL All We Need Is Love (Arakel Fun No Copyright Music),RU_ZM-DiOKA,HAPPY,
ET Summer Song  (Arakel Fun No Copyright  Music),4gE-P8RwN54,HAPPY,
WATEVA   Ping Pong Party (Arakel Fun No Copyright  Music),5TkeglAhnRY,HAPPY,
Diamond Eyes - Flutter | EDM MUSIC [NO COPYRIGHT MUSIC],WCkROxS8hI8,HAPPY,
Laszlo   Fall To Light (Arakel Fun No Copyright  Music),9x-cA-dcQwI,HAPPY,
No Copyright Music 24/7 Streaming - Electro / Dubstep / EDM / Trap / House / Drum Bass,DqQd7tKr8qE,HAPPY,
House EDM   7 FREE No Copyright Music Full Song,33Ir_FyjXRs,HAPPY,
"(Nur Music) | Club Dance | ‚ô´ Gaming Music ‚ô´ | Dubstep, Trap, EDM, Electro House (Nocopyright) #33",MJELMFYyvRM,HAPPY,
Sekai - Running (Arakel Fun No Copyright  Music),4BG-g6N_VjM,HAPPY,
Music4Driving ‚ùô‚ùò Beats Pliz - LEH | No Copyright Music (Bass Boosted),STOlQMkMIdE,HAPPY,
Beat Musik Rap Musik New 2018 Free Download Youtuber musik No Copyright Musik,J3AVFcEkHxE,HAPPY,
Jacob Tillberg - Broken | No Copyright Music (Remix),ZNlwlUPsC2g,HAPPY,
YZKN and BIOJECT Another Day  (Arakel Fun No Copyright Music),C9FKDo3mR_I,HAPPY,
"[FREE] ""Glitch"" Trap Beat | Trap Instrumental (Prod. Strongfilms)",Y90cqFW7tI8,HAPPY,
Dizaro All U Need (Arakel Fun No Copyright Music),QZH618ZofDs,HAPPY,
[FREE FOR PROFIT] Hard EDM Trap for Rap Instrumental prod. Awesum Anna,28-cBTm6MGo,HAPPY,
Fredji Happy Life (Arakel Fun No Copyright Music),ILKYW_MeFB8,HAPPY,
Vlad Gluschenko  Bay  (Arakel Fun No Copyright Music),19iv0NjMN58,HAPPY,
Nekzlo Back To Summer (Arakel Fun No Copyright  Music),ArUxsSjvhvg,HAPPY,
Free | Lates punjabi music | music freestyle beats |  no copyright music | Thug Bro Music,yHQjZKJS3Qo,ANGRY,t
(Calm Background Music) Lox Beats - Mrs. Zazzara (No Copyright Music),vt7MS5KxyaU,CHILL,t
Music4Driving ‚ùô‚ùò Tyga - Taste Ft. Offset | No Copyright Music (Bass Boosted),vgCTLmHYRlo,CONFIDENT-SASSY,t
[Christmas Background Music] DJ Quads - Waiting For Christmas (No Copyright Music),vXER24cCXQo,HAPPY,t
[Tropical House Background Music] Jebase - Friends with Benefits (No Copyright Music),wWtajbSqX9A,HAPPY,t
[Happy Background Music] Iaan - Colours (No Copyright Music),oFA0MgIi3Y0,HAPPY,t
Nekzlo - Thinking About You (No Copyright Music),oxm31hUo-Dw,HAPPY,t
(Dance & Electronic) Amari√† - Paraclet (No Copyright Music),rRL3d5Zex7I,IN-LOVE,t
TAVIL -SOLO -FREE MUSIC (COPYRIGHT FREE ),rGf1vrGLb_I,CHILL,t
Dizaro  Crazy  (Arakel Fun No Copyright Music),hcChSmRMZpA,HAPPY,t
(Electronic Background Music) Declan DP - Far Away (No Copyright Music),kWxWtWEMUFU,HAPPY,t
"Daft Punk - Harder, Better, Faster, Stronger | No Copyright Music (Far Out Remix)",k0CR126dTLk,CONFIDENT-SASSY,t
[Calm Christmas Background Music) Ikson - Present (No Copyright Music),jlDckeEs8O8,HAPPY,t
[Cinematic Background Music] PeriTune - Augury (No Copyright Music),jCbziP_dbfQ,CONFIDENT-SASSY,t
"üîä [FREE]  Chill Female Vocal Trap Beat ""Attitude"" (Prod. by SHA BEATS)",gwM5UrjwG1g,CHILL,t
[Chill Bass Background Music] Nekzlo - Keep Holding On (No Copyright Music),gbNZ7fI9uy4,IN-LOVE,t
FREE BACKGROUND MUSIC for Videos   Youtube   No Copyright   Download Instrumental EDM Tropical House,fyazNgtyZhM,HAPPY,t
[Christmas Background Music] Ryan Little - Day 8 (No Copyright Music),fYbFql_Y-zc,HAPPY,t
[Happy Background Music] The Farmer In The Dell (Instrumental) (No Copyright Music),fYF8yNqw2lY,HAPPY,t
Robin Hustin  On Fire (Arakel Fun No Copyright Music),fWfcbxhGYf8,HAPPY,t
NEFFEX - PLAY No Copyright Music [Fresh Picture Background],e_TmzASzc88,ANGRY,t
"[Instrumental Trap] ""Reborn"" - Boss | Vlog/Gaming Music 2017 | Royalty Free | No Copyright",bsF2ugvw3G0,CONFIDENT-SASSY,t
Different Heaven & EH!DE   My Heart (Arakel Fun No Copyright  Music),1XwleSx4I2w,HAPPY,
YT Frmdakaine- Jam [Prod. By sdot fire],URMi_kQrOA8,HAPPY,
Y-Quake - Gold Pack Shawty [Prod. By SDotFire] [Official Audio],a0ZdzFwTqaE,HAPPY,
"XxprolowxX ""Wrong Places""",PpGqCFBU3Zs,HAPPY,
"[FREE] Lil Wayne x Meek Mill Type Beat ""Dangerous Freestyle"" Ft. Drake | Prod. JustSickk",KUnQq2nlTic,HAPPY,
Young Wavy - Slow Is The Way To Go (feat. Mula) Shot By @DNiCETV,6JUB44UVzi0,HAPPY,
TP x CONTROL YOUR OWN DESTINY,XLwLnuPfhSs,HAPPY,
"[FREE] Drake Type Beat ""Don't"" |Free Trap Beats 2018| - Trap\Rap Instrumental",aKDcOUBsGOA,HAPPY,
"[FREE] Drake x Tory Lanez Type Beat 2019 ""A Rack"" | Free Rap / Trap Instrumental | Skidot",1eFcywsUXNs,HAPPY,
OneTake & KingNoLuv RLX - Sauce On The Beat (Official Video),G-7PiVu5QuM,HAPPY,
"*FREE* Tyga x YG x Blueface type beat ""That Bounce"" - Prod  by SSK",-E1iFlPi46E,HAPPY,
"[FREE] ""STAY"" - Wizkid x Tory Lanez X Drake Type Beat | Dancehall x Afrobeat Instrumental",3_jpW198vJQ,HAPPY,
HERM√àS LINK - Travis Scott | Tory Lanez  | Offset Type Beat [prod. by OUHBO¬•] | Club Type Beat 2019,1pvlxM00nH0,HAPPY,
"[FREE] Drake x meek mill Type Beat 2019 - ""Fast car"" | Free Type Beat | Trap Instrumental",GZPO6tPDPqw,HAPPY,
"Migos feat. Logic Type Beat -- "" Pocket Dreams""",8xaHqLlkEd0,HAPPY,
"""Cold Mornings"" The Weeknd x Drake Type Beat (Prod. hazwun $$)",8hZdveaMuLI,HAPPY,
"""Delta"" Lil Baby Type Beat | Gunna Type Beat (Prod. @DjTray4K) Trap Instrumental 2018",D091n_kt-mw,HAPPY,
"[FREE] Migos Type Beat 2017 - ""Chopper"" (Prod. Juanber)",PT3qcxuMqI8,HAPPY,
ReflXion- Checkmate- OneTakeContest,K_mu6uEZx7A,HAPPY,
"Lil Uzi Vert x Tm88 x Trippie Redd Type Beat 2019 ""Pink Molly"" | Prod By Teddy G",EsVW4MgRVcE,HAPPY,
[SOLD] NARCOS - Russ x Young Thug x Desiigner Type Beat [prod. by OUHBO¬•],JowAij55Fj8,HAPPY,
[FREE] Lil Uzi Vert Type Beat 2017 - Whip (Prod.By @MaseratiGoKrazy),ScS3fZQlzW0,HAPPY,
"Meek Mill x Ace Hood Type Beat New 2017 - ''Dreams'' | MTBeatz, Kay Pryor",JCQ-qpwF3I4,HAPPY,
"YFN LUCCI Type Beat 2017 ""Survival"" | Prod By Teddy G free type beat",9MiISdkQ1A8,HAPPY,
"[FREE] Migos x A boogie Type Beat 2017 ""Goldman"" | Hard Trap Type Beat / Instrumental",QAAUJgwN9vU,HAPPY,
"Famous Dex x Ugly God Type Beat ""Blue Cheese"" (Prod. Gooney Tunes)",UBSs2BP7sVM,HAPPY,
"[TYPE BEATS] ""Epic""üêª (HARD) Inspiring Rap Beat | Trap Hip Hop Instrumental 2019 | Grizzly Beatz",_-ePabxsmc8,HAPPY,
"[TYPE BEATS] ""Run It""üêª (Hard) Type Beat For Sale | 2019 Instrumental Rap Hip Hop | Grizzly Beatz",XP_Fjm1Xv28,HAPPY,
"[TYPE BEATS] ""Honor"" üêª (EPIC) Rap Type Beat | Emotional Hip Hop Instrumental 2019 | Grizzly Beatz",SWV9p4WulBg,HAPPY,
"Free Smooth Soulful Jay-Z x Kanye West Type Beat ""Somebody New"" | | Grizzly Beatz",KxSZjX2KVGQ,HAPPY,
"[TYPE BEATS] ""Primal Instincts""üêª Smooth (SEXY) Drake Rap | Hip Hop Instrumental 2019| Grizzly Beatz",To1O7_MaBg0,HAPPY,
"[TYPE BEATS] ""Bliss""üêª (CHILL) Mac Miller x  Wiz Khalifa Type Beat | EMO Hip Hop Rap | Grizzly Beatz",R-EMOsXEk5c,HAPPY,
"[FREE TYPE BEAT] *Must Hear* Lil Baby x Gunna Type Beat ""Motivation"" Smooth Trap Beat",Jf7gHl3NzfI,HAPPY,
"[FREE] Smooth New Age Bass Rap/Hip-Hop Beat Instrumental ""Bando"" [Prod. by @UniBeastBeats]",SwiEMvzEfNI,HAPPY,
"[TYPE BEATS]""Give Me Sake""üêªHARD (Aggressive) Trap Type Beat | Asian Hip Hop Grizzly Beatz",F_FEmrgZ-mk,HAPPY,
"[TYPE BEATS] ""Fragile"" üêª (SMOOTH) Type Beat | J Cole Hip Hop Rap Instrumental | Grizzly Beatz",GEvm8zO56q0,HAPPY,
"Free Smooth Soulful Atmosphere x  Murs Type Beat ""People's Champ"" | Smooth Hip Hop | Grizzly Beatz",BwR4TRcXzPY,HAPPY,
"Free Smooth Soulful Lil Baby x NBA Youngboy Type Beat ""Drip"" | Trap Rap Type Beats| Grizzly Beatz",2PLvuLDpUIA,HAPPY,
"[FREE TYPE BEAT] Smooth Soulful J Cole x Kendrick Lamar Type Beat ""Home"" | Grizzly Beatz",I4nfjWw4GLA,HAPPY,
"[TYPE BEATS] ""Creeping""üêª (CHILL) Lil Skies x Juice WRLD Type Beat | EMO Hip Hop Rap | Grizzly Beatz",NYf0vy_9nVY,HAPPY,
"[TYPE BEATS] ""What's Real""üêª (HARD) Wu Tang x RZA Type Beat | East Coast Hip Hop Rap | Grizzly Beatz",OIcmctHnUUs,HAPPY,
The BayBlasian - Introo (Music Video) || Dir. WTFNonStop [Thizzler.com],wkjxbeSRITo,ANGRY,t
"[FREE] Rich the kid x 21savage Type Beat 2019 - ""Opera"" | Free Type Beat | Trap Instrumental",wfOreulqij8,CHILL,t
[FREE] Travis Scott x Drake type beat - Flame Boy | LAVI$H JAX x LBambino,wNvX30KHGr8,CHILL,t
"[FREE] Young Thug x A Boogie Type Beat 2017 ""Solo"" (Prod.StunnahSezBeatz) | Free Type Beat",wCKUvyulFKw,CHILL,t
Free Xxxtentacion type beat | palace,tL4sFfU2Fe4,CONFIDENT-SASSY,t
Juicy J Type Beat 2017 ¬∞ No Fake ¬∞ ( Prod.By Lil'B x Jonnywood ),tE5QFJUmPBI,CONFIDENT-SASSY,t
"[FREE] GuiloBeats 2019 - "" Pow Pow "" | Migos Type Beat | Rap/Trap Instrumental 2019",sW4elEGqdk4,CONFIDENT-SASSY,t
"Migos x Future Type Beat | ""Do You""- Prod. UrBan Nerd (2017)",pM4Of4hs2LU,CHILL,t
"[FREE] Meek Mill Type Beat - ""Nightmares"" | Prod. TyHartBeats",owCdTqBSJsk,CONFIDENT-SASSY,t
Chay Milan x Brugie Badd - Bloody Reign (Official Video) Shot By @DineroFilms,ojNbe_jO2vc,CONFIDENT-SASSY,t
"Migos Type Beat 2017 ""Whole Lot"" | Prod By Teddy G",rYyttSNjULs,CHILL,t
"[FREE] Kodak Black Type Beat ""Ice Box"" (Prod By Lbeats) Aggressive Piano Instrumental",n3coZXc-hqE,CHILL,t
"Lil Peep Lil Uzi Vert X Future Type Beat 2019 ""White Noise"" | Prod By Teddy G free type beat",m3DhGvEF3aw,CHILL,t
"""SUPER"" - Future (Type Beat) Prod. UrBan Nerd [2017]",kqy_MmyQ9Q4,CHILL,t
"Drake Type Beat ""Letters"" (Prod. Gooney Tunes)",j_ykJy3B-uE,CONFIDENT-SASSY,t
MIGOS TYPE BEAT 2018| LIT TRAP BEAT [PROD. BY ATTIC STEIN],hZtldyMCxcc,CHILL,t
"""JUICE"" - ScHoolboy Q Type Beat Ft. Jay Rock | Rap/Trap Beat 2019",gGr8Q10aMSI,CONFIDENT-SASSY,t
"A Boogie Wit Da Hoodie Type Beat ""Drip"" (Prod. Gooney Tunes)",fN4YmTo4Tk0,CONFIDENT-SASSY,t
*FREE* Drake x Bryson Tiller Type Beat Tory Lanez Type Beat 2018,cla1anxaass,HAPPY,t
"[FREE] Big Sean Type Beat "" Spanish "" |  Migos Type Instrumental | Trap Beat 2017",c5kJHMLajfc,CHILL,t
"[TYPE BEATS] ""Haunted"" üêª (DARK) Creepy Trap Type Beat | Trap Hip Hop 2020 | Grizzly Beatz",asjCemIzHe4,CONFIDENT-SASSY,t
"[FREE TYPE BEAT] Smooth Soulful J Cole x 21 Savage Type Beat ""Golden Era"" | Grizzly Beatz",PV4Eshdqd20,HAPPY,
"[FREE TYPE BEAT] Smooth Soulful DaBaby x Blac Youngsta Type Beat Instrumental ""Mobb"" | Grizzly Beatz",CDLE4XkG7O4,HAPPY,
"[TYPE BEATS] ""Tragedy Pt  2""üêª(SOULFUL) Jay-Z x NAS Type Beat | Hip Hop Instrumental | Grizzly Beatz",-6Hhivlfguo,HAPPY,
"[FREE TYPE BEAT] *Must Hear* Smooth Drake X Travis Scott Type Trap Beat ""Tempted 2""",PSD2t_knMQg,HAPPY,
"[TYPE BEATS] ""Coming Home""üêª(HARD) Wu Tang x Nas Type Beat | Freestyle Cypher | Grizzly Beatz",E1z9DT6uE90,HAPPY,
(HD) 160828 WTF @ KPOP MAKES ONE,_JgUF1RrVqY,HAPPY,
"[TYPE BEATS] ""I'm Back"" üêª (SMOOTH) Drake Freestyle Type Beat | Cypher Hip Hop Rap | Grizzly Beatz",zsFjU-WN4Ww,CHILL,t
"Free Smooth Soulful Jay Z x NAS Type Beat ""Justice"" | Hip Hop Instrumental | Grizzly Beatz",zsR_Yr-wPkM,CONFIDENT-SASSY,t
[Christmas Music Background] Silvermansound - Christmas Spirit (No Copyright Music),zNWsBvzFstk,HAPPY,t
"XXXtentacion ""BAD"" Instrumental Prod. by Dices *FREE DL*",z7VopiFWvTY,CHILL,t
New Year Mix 2019 | Best Dubstep | Trap | Future Bass | No Copyright Music,z2I2CCLt8sQ,IN-LOVE,t
Cadmium - Melody (feat. Jon Becker) | No Copyright Music,yhzfacDyTI8,IN-LOVE,t
Boss Music 2 (Hard Rap Beat) - Grizzly F.O.G.,xB0rSVbDY6Q,CONFIDENT-SASSY,t
"Free Smooth Soulful J. Cole x Mac Miller Type Beat ""Runaway"" | Grizzly Beatz",sYJUOfYw3H0,CHILL,t
"Free Smooth Soulful Jay Z x Nas Type Beat ""No Gimmicks"" | Smooth Hip Hop | Grizzly Beatz",dQRh5r34zow,HAPPY,t
"Free Smooth Soulful Nas x Common Type Beat ""Lessons"" | Smooth Hip Hop | Grizzly Beatz",q9xo4RxYYuE,CHILL,t
"Free Smooth Soulful Jay-Z x NAS Type Beat ""Coast 2 Coast"" Hip Hop Instrumental | Grizzly Beatz",mfUWz1q_3Yw,CHILL,t
"Free Smooth Soulful Jay-Z x Kanye West X Nas Type Beat ""Guerrilla Warfare"" | Grizzly Beatz",iiEBKnIT75g,CONFIDENT-SASSY,t
"[TYPE BEATS] ""Lives Matter""üêª(SOULFUL) Jay Z x NAS Type Beat | Underground Hip Hop | Grizzly Beatz",iJICFUi7Sys,CHILL,t
Ÿ≠HARDŸ≠ DARKEST TRAP TYPE BEAT EVER    ‚ÄúWARRIOR ‚Äú  BY GRIZZLY BEATZ ¬¶ DARK RAP BEAT,l8o-DYWmMTg,CHILL,t
"[FREE TYPE BEAT] ""AVENGERS"" | Real Hip Hop Beat | Eminem Type Beat | Instrumental",l1i_amLvWPU,CHILL,t
"[FREE TYPE BEAT] Smooth Soulful Mac Miller x J Cole Type Beat ""Chronic"" | Grizzly Beatz",cadA9tfrAx8,CHILL,t
"Free Smooth Soulful Nas x Common Type Beat ""On Fire"" | Smooth Hip Hop | Grizzly Beatz",b0djpmOyCJ8,HAPPY,t
Creative Minds-Corporate/Pop Background Ground Music-Free Audio Library(Free non Copyright Music),yeUGuakpEM0,CONFIDENT-SASSY,t
Infraction - Fashion Music /Background Music (Royalty Free Music) (No Copyright music),ycdrrUcpD8c,CONFIDENT-SASSY,t
Wall | [YDA-020],yTyERSNfZ-w,CONFIDENT-SASSY,t
(Chill Background Music) Ikson - Motion (No Copyright Music),yR-fJ7iilik,CHILL,t
"DJ Khaled ""Celebrate"" ft. Travis Scott & Post Malone Instrumental Prod. by Dices *FREE DL*",v4J1gZrF1DY,CHILL,t
Killercats - Tell Me (feat. Alex Skrindo) | No Copyright Music,uff9S3S-iac,HAPPY,t
Infraction - Epic Cinematic Background /Background Music (Royalty Free Music) (No Copyright music),uPUK0FnhZww,CONFIDENT-SASSY,t
[FREE] Future x 21 Savage Type Beat - DARK DAYS üò•,yMd608vZg8M,CONFIDENT-SASSY,t
"YBN Cordae ""Have Mercy"" Instrumental Prod. by Dices *FREE DL*",w4_Li9-T-w0,CONFIDENT-SASSY,t
"Free Smooth Soulful Mac Miller x J Cole Type Beat ""Do it For Love"" | Grizzly Beatz",vyIBnaMeGH8,CHILL,t
No Copyright Music ‚ô´ EDWIN AJTUN - THE LIFE ‚ô´ FREE MUSIC ARMY,vwXF1mUJmtU,HAPPY,t
King Music : 3rd Prototype ‚ô´ Lex Dave ‚ô´ Time feat. Yohamna Solange [NCS Release],xlEohLOm5Nc,IN-LOVE,t
Rival x Cadmium - Seasons (feat. Harley Bird) | No Copyright Music,xNSaOh9GXss,IN-LOVE,t
Cadmium - Darkness (feat. Frances Leone) | No Copyright Music,tR70s2ZUX7c,SAD,t
Hollow Bells - Cxdy || No Copyright strike Music || [ NCS Release ],stR-ms7efJg,CHILL,t
"Future x Young Thug x Lil Pump Type Beat 2017 ""Navy"" | Prod By Teddy G ****SOLD****",scFCgJivvK4,CHILL,t
"[FREE] NBA Youngboy x OMB Peezy Type Beat 2019 - ""Glory"" | NBA Youngboy Type Instrumental",oP949Ekv4_w,CONFIDENT-SASSY,t
Far Out - On My Own (feat. Karra) | No Copyright Music,sOWY524edr4,CONFIDENT-SASSY,t
(No Copyright) Motivational and Uplifting Background Music For Videos - by AShamaluevMusic,obYRdW25gqA,CONFIDENT-SASSY,t
"Catchy (summer, fashion , beauty Advertising Music, No Copyright Music, Royalty Free)",qy31sATri3Q,CHILL,t
"[TYPE BEATS] ""My Number 1""üêª (Smooth) Emotional Drake Rap Beat Hip Hop Instrumental | Grizzly Beatz",mucrmru7Lrg,CONFIDENT-SASSY,t
(No Copyright) Emotional Trap Background Music For YouTube Videos - Dark Side by Rival,mju_zJZPur4,SAD,t
[No Copyright Music] Allerlei von Nicolai - Traces (Instrumental) | LMMS Electronic Dance Music,itRgl1klbqQ,CHILL,t
Zend Music | K-391 - Everybody [NCS Release] | Free Music | No Copyright Music,jNBu8s1xpfA,HAPPY,t
"FREE ""LongRoad"" Big Sean ft. Travis $cott Type Beat (p. AHZIN x DCMO)",fLCIj23O4KQ,CONFIDENT-SASSY,t
"[FREE] EDM x Dance Music x Pop Type Beat 2019 ""Cherry on Top"" | Pop Type Beat / #Instrumental",dQeGQNe33rI,CHILL,t
"Ariana Grande ""Break Up with Your Girlfriend im Bored"" Instrumental Prod. by Dices *FREE DL*",d0cELpRX8to,CONFIDENT-SASSY,t
"[Free] Young Dolph Type Beat ""Package"" | Free Type Beat | Trap Beat",bnTqb_N3Zuk,CHILL,t
